first_name,last_name,gender,created,balance
Andie,Ebbutt,Polygender,2022-03-22,$30.10
Hobie,Deegan,Male,2021-12-29,$285.99
Denys,Belverstone,Female,2022-01-07,$212.91
Delphine,Pietersma,Female,2022-09-17,$724.81
Putnem,Chasson,Male,2021-12-03,$938.47
Jenilee,Hindmoor,Polygender,2022-10-10,$243.23
Nicoline,Cowitz,Female,2022-08-28,$32.53
Brunhilde,Vasyukhnov,Female,2022-04-10,$237.17
Roxi,Leming,Female,2022-02-15,$304.06
Raffaello,Cornes,Male,2022-06-30,$631.73
Ilka,Fawssett,Female,2022-08-08,$192.83
Robbert,Hollyland,Bigender,2022-09-08,$589.63
Adaline,Berecloth,Female,2022-01-20,$222.43
Thorsten,Hachard,Male,2022-10-27,$187.19
Jane,Lamboll,Female,2022-09-25,$609.74
Desdemona,Burgwin,Female,2021-12-27,$172.80
Vida,Islip,Female,2022-03-11,$351.60
Yardley,Chatell,Male,2022-04-25,$371.69
Dougie,O'Currigan,Male,2022-10-03,$294.33
Athena,Aiskrigg,Non-binary,2022-09-17,$89.52
Melina,Darker,Female,2022-07-18,$157.52
Phineas,Docharty,Male,2021-12-18,$106.21
Rockey,Plum,Male,2022-06-19,$202.61
Bernette,De Ruggiero,Female,2022-06-22,$348.84
Hyacinthie,Kann,Female,2022-01-30,$824.22
Cissiee,Cassius,Female,2022-10-24,$239.38
Starlin,Apps,Female,2022-04-30,$681.40
Caprice,Artz,Female,2022-01-14,$928.69
Eddie,Kinver,Female,2022-07-26,$794.33
Jeana,Colin,Female,2022-04-02,$963.83
Jamill,Batistelli,Male,2021-11-20,$72.79
Nert,Schneidar,Female,2022-08-06,$796.60
Domeniga,Glayzer,Female,2022-03-02,$540.38
Paula,Grebbin,Female,2022-07-06,$369.14
Deb,Cymper,Female,2022-05-25,$345.94
Cristy,Figures,Female,2021-10-30,$29.27
George,Bruniges,Male,2022-03-17,$388.01
Lowrance,Edward,Male,2022-08-26,$118.06
Aloise,Tallant,Female,2021-11-22,$423.49
Celestina,Shale,Female,2022-01-06,$200.33
Cherey,Banton,Female,2021-11-06,$403.77
Hyacinthia,Ebbotts,Female,2022-05-06,$148.88
Haskel,Van Driel,Male,2022-05-01,$345.70
Kirsten,Dowker,Female,2021-11-22,$41.01
Krystyna,Limer,Female,2022-07-01,$20.90
Charmain,Le Marchand,Female,2022-07-17,$583.33
Claudianus,Pursehouse,Male,2022-09-09,$70.96
Saba,Brazer,Female,2022-02-11,$17.32
Godart,Jopke,Male,2022-01-22,$103.62
Sonny,Silly,Female,2022-07-09,$946.65
Tonnie,Jerrolt,Male,2022-08-23,$490.53
Benjie,Foulis,Male,2022-07-08,$168.73
Tedd,St. Leger,Male,2022-06-14,$371.06
Raimondo,Streader,Male,2022-01-28,$54.12
Rustin,Sorrie,Male,2022-05-06,$189.30
Drucy,Crosskill,Female,2022-08-15,$297.13
Olivia,Dawtrey,Female,2021-12-28,$862.38
Ariel,Cardno,Polygender,2022-07-13,$179.28
Tommi,Bocking,Agender,2022-07-16,$440.78
Cecily,Seals,Female,2022-07-14,$981.20
Heath,Shelbourne,Male,2022-01-06,$615.28
Rowena,Ellar,Female,2022-06-20,$847.00
Prescott,Pohl,Male,2022-09-11,$739.28
Ogdan,Baxstare,Genderfluid,2022-07-21,$270.49
Minette,Jacobssen,Female,2022-08-24,$342.26
Christan,Bris,Female,2022-02-10,$853.43
Shaine,Itter,Female,2022-08-01,$689.02
Graeme,Extall,Male,2022-01-31,$728.73
Andres,Such,Male,2022-06-14,$389.75
Terry,Storah,Genderqueer,2021-11-26,$281.88
Florian,Rumbellow,Male,2022-05-24,$204.39
Darbee,Sharple,Agender,2022-03-10,$802.35
Amabel,Burner,Female,2021-12-06,$433.62
Theressa,Bente,Female,2022-02-22,$8.52
Sholom,Ilyukhov,Male,2022-10-13,$182.00
Karilynn,Curnock,Genderqueer,2021-11-06,$937.17
Zachery,Urch,Male,2022-05-18,$494.26
Libbie,Chrestien,Polygender,2022-08-26,$805.86
Gabbie,Varker,Female,2022-03-28,$852.22
Maxwell,Vinten,Male,2022-05-26,$624.22
Genna,Simonsson,Female,2022-08-31,$551.38
Cliff,Alker,Male,2022-07-20,$578.90
Geneva,Need,Female,2022-10-15,$758.40
Pennie,Rosenwald,Female,2022-04-11,$38.15
Stanislaus,Buckley,Male,2022-08-08,$176.22
Claude,Clapham,Female,2022-09-22,$861.53
Brook,Burchatt,Male,2022-10-22,$946.55
Clarisse,Sherewood,Female,2022-05-27,$416.43
Eba,Ilewicz,Female,2022-06-02,$837.41
Fiona,Hasard,Female,2022-06-16,$354.84
Denys,Terrans,Male,2022-02-20,$378.62
Major,Lordon,Male,2022-05-23,$306.80
Koenraad,Hillen,Male,2022-01-22,$554.71
Finlay,Bedson,Male,2022-03-09,$254.41
Ines,Chipps,Agender,2022-10-23,$562.71
Mendy,Schimoni,Male,2022-03-30,$917.72
Griswold,Chatwin,Male,2022-01-13,$851.66
Cornell,Atcheson,Male,2022-01-21,$45.08
Erhart,Angelo,Male,2022-08-23,$105.41
Marcile,Giorgielli,Genderqueer,2022-02-14,$645.48
Regina,Kemmons,Female,2021-11-08,$798.24
Torry,Schlag,Male,2022-07-20,$192.41
Karisa,Minet,Female,2022-07-27,$435.37
Hilario,Faas,Male,2021-12-31,$94.72
Manda,Giacoppo,Non-binary,2022-08-03,$343.07
Malvina,Millen,Female,2022-04-29,$720.92
Jourdan,Bewshea,Female,2022-07-21,$739.99
Jefferey,Meynell,Male,2021-11-02,$467.26
Della,Maskew,Female,2021-11-18,$198.27
Ruthann,Liell,Female,2022-08-26,$651.03
Nicola,Pavlenkov,Male,2022-08-17,$209.56
Audre,Rowland,Female,2021-12-20,$511.26
Christopher,Alexandre,Male,2022-03-13,$773.10
Stephana,Clemett,Female,2022-05-20,$113.22
Theodor,Trownson,Male,2022-02-28,$387.59
Christye,Bloan,Female,2022-10-01,$722.94
Dori,Gawthorp,Female,2022-03-08,$866.91
Derrick,Suarez,Male,2022-07-18,$540.13
Lilas,Quibell,Female,2022-09-27,$768.38
Melita,Rustman,Female,2021-10-31,$596.53
Miguel,McKeon,Male,2022-08-26,$848.06
Chevy,Ebbles,Male,2022-09-16,$920.19
Neely,Pogue,Female,2022-03-17,$871.19
Wilburt,McLuckie,Male,2022-02-15,$157.56
Brock,Moorrud,Male,2022-04-29,$758.23
Randy,Lomasney,Male,2022-04-12,$783.54
Quentin,Dorro,Female,2022-07-01,$534.71
Bridget,Lytlle,Female,2022-03-06,$149.32
Kingston,Pettit,Male,2022-10-13,$239.40
Juli,Karpmann,Bigender,2022-08-25,$584.77
Wylma,Liccardi,Female,2022-04-19,$293.29
Fairlie,Doohey,Male,2021-11-19,$804.41
Blakeley,Mathivet,Polygender,2022-05-25,$343.90
Jermayne,Rushmare,Male,2022-05-12,$516.43
Aldwin,Sponder,Male,2021-11-23,$421.85
Ashil,Londesborough,Female,2022-06-11,$730.51
Griffin,De la croix,Male,2022-01-30,$781.38
Nicolais,Redford,Male,2021-12-30,$711.55
Pedro,Reubens,Male,2021-11-19,$970.39
Berry,Faulkes,Female,2022-07-20,$982.16
Mikey,Petersen,Male,2022-06-13,$410.02
Joann,Woodyatt,Agender,2022-01-15,$556.38
Theodor,Gostick,Male,2022-02-08,$239.22
Ingrid,Heersma,Female,2022-01-11,$572.31
Martguerita,Malter,Female,2022-07-02,$418.39
Louisette,Leyzell,Female,2022-08-21,$191.74
Dennie,Broadfield,Male,2022-02-03,$779.65
Emmalee,Masserel,Female,2022-08-24,$473.97
Winfred,Lillgard,Male,2022-03-12,$691.58
Kyla,McAviy,Female,2022-06-27,$830.97
Jeremiah,Thor,Male,2021-12-22,$596.81
Khalil,Grayshan,Male,2022-06-20,$227.60
Sam,Cadlock,Male,2022-09-09,$417.89
Ford,Toland,Male,2022-06-12,$694.32
Glyn,Pont,Agender,2022-01-22,$258.40
Jennine,Dufall,Female,2022-08-04,$710.43
Samson,Deevey,Male,2022-10-18,$61.08
Rosaline,McCullock,Female,2021-11-05,$508.90
Danica,Assaf,Female,2022-02-27,$152.23
Friedrick,Scrymgeour,Male,2022-05-15,$474.70
Paxon,Benadette,Male,2022-04-11,$183.08
Denna,Mapson,Female,2022-09-20,$88.36
Kerr,Bowle,Male,2022-06-17,$411.51
Papageno,Shacklady,Male,2022-09-03,$570.12
Hetty,Copin,Female,2022-02-24,$633.72
Killian,Delamere,Male,2022-05-06,$594.11
Stearn,Iskowicz,Male,2022-02-23,$989.45
Chery,Adrienne,Female,2022-02-02,$430.85
Alica,Martignon,Female,2022-05-12,$531.32
Gallard,Ratnege,Male,2022-07-16,$596.53
Sigismond,MacCague,Male,2022-02-25,$916.71
Chick,Bax,Male,2022-06-01,$985.64
Adore,Doud,Female,2022-03-31,$2.95
Dun,Gatheridge,Male,2021-11-23,$264.96
Darbee,Batchelar,Male,2021-12-28,$410.01
Juliann,Quincey,Female,2022-06-30,$377.76
Valene,Ajean,Female,2021-10-29,$664.82
Herbert,Hedgeman,Male,2022-02-21,$175.33
Melodee,Pouton,Female,2022-05-16,$620.59
Laural,Wailes,Female,2021-11-25,$933.26
Morena,Haydock,Female,2022-01-27,$429.77
Barnebas,Manklow,Male,2022-03-05,$48.60
Hall,Petric,Male,2022-05-22,$719.82
Daffi,Sinncock,Female,2022-03-28,$911.45
Willy,Radbone,Female,2022-07-24,$870.41
Neron,Windows,Genderfluid,2022-08-13,$891.15
Jesselyn,Commings,Agender,2022-10-16,$460.30
Helene,Bruty,Female,2022-08-24,$108.04
Chicky,Joicey,Male,2022-10-04,$963.89
Roy,Rootes,Male,2021-12-27,$961.60
Dora,Pikhno,Female,2021-11-15,$205.61
Alexandros,Graysmark,Polygender,2022-05-15,$259.57
Lek,Scathard,Male,2022-02-20,$296.95
Ursola,MacFarlane,Female,2022-09-30,$174.29
Creighton,Brood,Male,2022-05-14,$473.79
Ursala,Pedri,Female,2022-04-19,$719.97
Aubrie,Wondraschek,Female,2022-03-02,$705.08
Marc,Gulc,Male,2022-02-18,$368.89
Elia,Mullin,Male,2021-12-31,$475.80
Vyky,Costen,Female,2022-08-24,$345.80
Demetris,Beathem,Female,2022-08-26,$834.69
Cherie,Mougenel,Female,2022-09-29,$807.79
Yulma,Seed,Male,2022-09-22,$660.17
Guido,Fontelles,Male,2022-01-26,$815.42
Kandy,Cappell,Female,2022-05-28,$914.62
Milton,Bulfit,Male,2022-01-02,$93.58
Taite,Yuryatin,Male,2022-04-02,$794.42
Norina,Boliver,Female,2022-09-14,$673.64
Putnem,Hevner,Male,2022-04-17,$455.25
Holli,Exon,Female,2022-01-27,$402.43
Merle,Darracott,Female,2022-07-21,$949.59
Malinde,Nutman,Female,2022-05-04,$661.87
Shea,Strover,Male,2022-02-11,$33.85
Sampson,Furze,Male,2022-07-28,$132.28
Ira,Edworthye,Female,2022-03-04,$347.00
Mickey,Alastair,Male,2022-01-07,$419.85
Holt,Kenningham,Male,2022-05-24,$279.66
Rayna,Howchin,Female,2022-07-12,$229.04
Concettina,Asaaf,Female,2022-04-13,$778.17
Lorant,Nielson,Bigender,2022-09-18,$595.07
Ravi,Ledwitch,Male,2022-04-03,$668.04
Judon,Pykerman,Male,2021-12-22,$891.18
Malinde,Gulleford,Female,2022-03-31,$291.06
Seth,Proughten,Male,2022-02-06,$25.65
Say,Crystal,Male,2022-10-27,$241.02
Ulrikaumeko,Hariot,Female,2022-03-06,$153.67
Tyne,Gaythor,Female,2022-01-29,$83.91
Briggs,Dorrance,Male,2022-05-16,$467.08
Pam,Moens,Female,2021-11-22,$431.18
Riane,Blumson,Female,2022-01-08,$5.01
Travis,Jelliman,Male,2022-07-19,$953.50
Caterina,Kennard,Female,2022-08-09,$385.19
Sharleen,Locard,Female,2022-09-20,$861.91
Yanaton,Jostan,Male,2022-02-10,$646.94
Christoffer,Gott,Male,2022-10-18,$771.71
Arny,Shakle,Male,2022-07-14,$703.11
Harrison,Common,Genderqueer,2022-10-10,$591.17
Shirley,Clawson,Polygender,2022-06-13,$657.74
Alic,Astle,Male,2022-08-20,$611.01
Jana,Tommasetti,Female,2022-09-28,$896.70
Harlen,Kirkland,Male,2022-01-29,$170.49
Rodi,Wison,Female,2022-04-12,$129.15
Colver,Dumphry,Male,2022-09-15,$745.82
Brnaba,Horsey,Male,2022-04-18,$258.18
Gill,Serridge,Male,2022-08-12,$379.57
Desiree,Pipe,Female,2022-02-21,$848.66
Daphna,Reddyhoff,Female,2022-08-28,$204.69
Levy,Crighten,Male,2022-04-07,$257.53
Milka,Lillico,Female,2022-01-16,$63.53
Karena,Regenhardt,Female,2022-01-05,$104.63
Archy,Belshaw,Male,2021-12-13,$115.80
Deck,Hansod,Non-binary,2022-07-02,$492.27
Erma,Bernardoni,Female,2022-04-19,$614.10
Tedd,Roggeman,Male,2022-07-08,$459.89
Garv,Duer,Male,2022-03-26,$217.93
Reine,Trowell,Female,2022-10-16,$234.98
Agnesse,Swinford,Female,2022-06-02,$932.67
Leonid,enzley,Male,2022-06-28,$207.03
Serena,Barrott,Female,2022-09-16,$413.89
Cecilio,Petry,Male,2022-05-23,$948.83
Eleni,Morston,Female,2022-08-15,$331.06
Michell,Jarvis,Female,2021-11-08,$683.60
Yevette,Hutable,Female,2022-08-25,$725.00
Edy,Bestall,Bigender,2022-10-24,$777.37
Gideon,Voss,Male,2021-12-03,$677.28
Etheline,Sacks,Female,2022-10-11,$700.79
Bree,MacAlroy,Female,2022-02-15,$876.73
Jo-ann,Bendall,Female,2022-05-03,$262.95
Isa,Rozea,Female,2022-10-26,$377.11
Sybyl,Week,Female,2022-08-27,$938.23
Jobi,Marle,Female,2021-10-29,$892.85
Rustin,Leyshon,Male,2022-10-04,$322.22
Welbie,Blaymires,Male,2022-04-22,$474.33
Germain,Kampshell,Male,2022-01-20,$292.62
Mallory,Pauluzzi,Female,2022-10-28,$716.09
Saloma,Symms,Female,2022-08-16,$579.62
Sumner,Sanger,Non-binary,2022-02-23,$948.84
Minny,Farquarson,Female,2022-01-29,$427.04
Stearn,Lerohan,Male,2022-08-06,$923.08
Joycelin,Pressnell,Female,2021-10-29,$276.05
Randal,Corking,Male,2022-05-24,$106.27
Cobby,Mudge,Non-binary,2022-08-08,$552.13
Romona,Skouling,Female,2022-05-21,$962.67
Celeste,Willcott,Female,2021-12-27,$1.21
Emmye,Lehrer,Female,2022-09-14,$950.15
Rosanne,Janton,Female,2022-04-26,$506.11
Wes,Garstang,Male,2022-02-26,$585.57
Carrissa,Focke,Polygender,2022-09-30,$8.17
Darice,Washington,Female,2022-02-09,$111.04
Tan,Bisgrove,Male,2021-11-19,$800.84
Friederike,Dobing,Female,2022-03-04,$37.80
Chelsea,Glenton,Female,2022-03-30,$358.96
Gaylord,Cudworth,Non-binary,2021-11-03,$52.46
Anson,Adamik,Male,2022-06-16,$929.49
Marin,Calan,Female,2022-05-26,$314.37
Danyette,MacIlurick,Female,2022-02-26,$803.19
Barret,Kraft,Male,2022-03-07,$739.72
Francklin,Frie,Male,2022-02-06,$39.68
Gerrilee,Addy,Female,2022-03-09,$117.02
Zollie,Jedrychowski,Male,2022-06-08,$669.19
Vick,Quinnelly,Male,2022-07-02,$802.08
Blair,Howlett,Genderfluid,2022-04-12,$992.36
Pauline,Ivanov,Female,2022-01-07,$6.60
Cammie,Crisp,Female,2022-04-05,$799.87
John,Brunsdon,Male,2022-07-15,$644.06
Ardenia,Creboe,Female,2022-08-29,$54.64
Evin,Boots,Male,2022-05-18,$990.35
Ephrayim,Rayner,Male,2022-03-24,$35.26
Edeline,Bastie,Female,2021-12-14,$979.26
Lydia,Pauling,Female,2022-03-29,$673.52
Louis,Fernao,Male,2022-01-19,$945.26
Odie,Clapton,Male,2022-10-14,$224.93
Shawna,Brooksbie,Female,2022-08-23,$439.44
Esteban,Wale,Male,2022-05-04,$553.96
Kristoffer,Waby,Bigender,2022-03-05,$134.20
Alfie,Sinisbury,Female,2022-05-13,$789.91
Mischa,Ferier,Male,2022-04-15,$146.44
Elias,O'Henery,Male,2022-07-29,$304.81
Eustace,Javes,Male,2022-10-28,$380.31
Marina,Kitching,Bigender,2021-12-20,$772.78
Andreana,Furse,Female,2021-11-04,$373.36
Lois,Gatherer,Female,2022-05-04,$806.91
Egan,Cisland,Male,2022-01-29,$20.68
Madeline,Hennemann,Female,2022-05-23,$503.60
Luci,Wiffield,Female,2022-06-11,$486.82
Parsifal,Leonardi,Agender,2022-01-10,$959.14
Errol,McEvon,Male,2022-01-02,$995.70
Benjie,Bodham,Male,2022-07-19,$269.62
Carmine,Caghan,Female,2022-03-10,$155.54
Isaiah,Bernadzki,Male,2022-08-17,$79.49
Lorie,Zealey,Female,2022-08-19,$552.88
Leonidas,Duval,Male,2022-08-15,$699.53
Sayre,Goward,Female,2022-02-18,$540.97
Meade,Dominichelli,Male,2022-07-14,$479.83
Bentlee,Gostridge,Male,2022-04-16,$712.85
Morten,Baford,Male,2022-09-25,$299.55
Innis,Karppi,Male,2022-04-07,$53.69
Darby,Timlett,Female,2022-07-06,$810.18
Patrizio,Whelpton,Male,2022-07-02,$954.44
Barbaraanne,Noon,Female,2022-10-23,$889.69
Vale,Habbeshaw,Female,2022-02-06,$224.92
Jenifer,Troctor,Female,2022-04-25,$721.21
Franciska,Panting,Female,2022-07-26,$175.45
Bronson,Curtin,Male,2022-03-30,$885.76
Cody,Stillmann,Male,2022-06-19,$212.03
Sherman,Parbrook,Male,2022-04-04,$270.40
Bernette,Edmenson,Female,2022-02-01,$694.94
Cristine,Loads,Female,2022-08-19,$460.04
Jilleen,Ernke,Female,2022-02-12,$700.39
Clerkclaude,Debold,Male,2022-07-19,$968.86
Trevor,Poulsum,Male,2021-11-13,$719.47
Annie,Gatrill,Non-binary,2021-11-19,$214.26
Jillana,Errichelli,Female,2022-04-29,$244.59
Viviyan,McFee,Female,2022-02-24,$859.18
Lorrie,Spira,Female,2022-04-18,$662.66
Wendell,Christiensen,Male,2021-12-14,$824.46
Maynord,Balcock,Male,2021-12-03,$961.18
Raddy,Gregoratti,Male,2022-01-01,$492.28
Nickey,Mattheis,Male,2022-06-10,$687.81
Rosabella,Kolyagin,Non-binary,2022-09-13,$762.61
Ramsay,Spehr,Male,2022-07-02,$788.11
Arnold,Gaskal,Male,2021-12-25,$278.65
Carlin,Seely,Female,2022-08-21,$30.68
Rowan,Gainseford,Male,2022-09-24,$236.52
Dom,Townrow,Male,2022-07-14,$984.96
Darby,Lochhead,Male,2021-12-09,$125.04
Sheila,Ollivier,Female,2022-09-19,$123.76
Lolly,Hurdidge,Female,2021-11-30,$461.40
Egan,Ganing,Male,2021-11-28,$22.76
Fanya,Kay,Female,2022-04-15,$607.10
Vasilis,Gwynne,Male,2021-11-27,$97.27
Florencia,Oakwood,Genderfluid,2022-08-28,$763.86
Traver,Row,Male,2022-02-26,$341.71
Lesly,Couzens,Female,2022-02-23,$503.42
Mirilla,Rosen,Female,2022-10-18,$194.27
Bobette,Beinke,Female,2021-12-15,$731.17
Melantha,Springer,Female,2022-01-17,$871.44
Miles,Andrejevic,Male,2022-03-26,$859.47
Hermina,Argent,Female,2022-10-17,$327.15
Lindsey,Greenacre,Female,2022-01-13,$507.11
Erica,McGilben,Female,2022-01-16,$109.78
Julian,Edwicker,Male,2022-06-03,$825.87
Pippy,Wegner,Female,2022-07-26,$996.39
Carline,Exposito,Female,2022-03-04,$542.84
Valma,Muirhead,Female,2022-09-13,$897.93
Tiphany,De Gregoli,Female,2022-07-09,$958.30
Aurelie,Dreye,Female,2022-09-21,$190.34
Jean,Baumadier,Male,2022-06-07,$641.97
Natividad,McDonagh,Female,2022-04-25,$16.63
Camella,Beard,Polygender,2022-05-28,$687.38
Hanna,Coenraets,Female,2021-11-25,$162.05
Marcella,Leagas,Female,2022-01-23,$149.03
Jobi,Boog,Female,2022-05-19,$523.65
Willi,Rotge,Male,2022-04-04,$205.44
Arv,Fookes,Male,2021-12-29,$257.99
Kippy,Leborgne,Male,2022-08-01,$524.05
Atlanta,Ladley,Female,2021-11-04,$412.84
Evangelina,Pendergast,Female,2021-11-03,$179.70
Val,Poate,Agender,2022-06-27,$818.85
Jacky,Zebedee,Male,2021-11-04,$384.19
Townie,Zanini,Male,2022-02-21,$514.87
Frayda,Congreave,Female,2022-05-02,$156.18
Reginald,Birdis,Male,2022-01-07,$111.88
Hillary,MacGaffey,Female,2022-08-16,$169.80
Dulcinea,Lillico,Female,2022-02-03,$806.59
Hermina,MacEvilly,Female,2022-08-29,$960.59
Reamonn,McGahern,Male,2021-11-02,$153.53
Kirstyn,Elsmore,Female,2022-10-18,$614.89
Merridie,Suggett,Female,2021-11-23,$581.99
Ashely,Aldin,Female,2022-03-02,$769.40
Roch,Cridlan,Female,2022-08-11,$412.97
Dario,Waldock,Male,2022-04-17,$538.22
Alikee,Powley,Female,2022-04-19,$214.42
Agnese,Caplen,Female,2022-05-16,$629.78
Maxwell,Jendrassik,Male,2022-03-13,$951.74
Anitra,Hollyer,Female,2022-09-19,$330.91
Johan,Askew,Male,2022-06-29,$462.37
Genevieve,Wedlock,Female,2022-01-15,$201.79
Alika,Jelfs,Female,2021-12-29,$410.95
Penelope,Thornborrow,Female,2022-05-12,$512.72
Arleen,Roxby,Female,2022-09-26,$494.71
Joli,Bartosch,Female,2022-09-12,$540.99
Sadie,Shackesby,Female,2022-05-04,$356.95
Burnaby,Zumbusch,Polygender,2022-08-25,$883.10
Jerad,Klemensiewicz,Male,2022-09-07,$689.72
Quincey,Longbone,Male,2022-01-28,$304.73
Elias,Rodenborch,Male,2022-10-05,$912.59
Ches,Meffen,Male,2022-07-01,$498.48
Irita,Fero,Female,2022-02-07,$655.34
Kessia,Albertson,Female,2022-02-19,$498.41
Biron,Derricoat,Male,2022-06-09,$385.60
Constantino,Bewley,Male,2022-01-11,$900.31
Henrik,Witcherley,Male,2022-06-10,$709.29
Thorpe,Lankester,Male,2022-08-27,$130.88
Constantina,Javes,Female,2021-10-31,$315.69
Bobette,Manuele,Female,2022-02-14,$123.90
Emory,Alder,Male,2022-03-18,$514.44
Goraud,Bruty,Male,2022-10-27,$980.42
Tripp,Kesterton,Male,2022-04-18,$696.48
Atlanta,Hasling,Female,2022-03-06,$279.88
Shirley,Fant,Female,2021-11-04,$733.04
Carroll,Elms,Male,2022-07-07,$657.76
Dorothy,Weathers,Female,2022-06-03,$84.66
Douglass,Snelman,Male,2021-12-28,$77.05
Diann,Gutans,Female,2022-10-24,$73.76
Olympe,Allanby,Female,2022-10-19,$120.50
Ciro,Cockshtt,Male,2022-07-20,$536.95
Shela,Shakelade,Female,2022-03-24,$8.74
Ludvig,Alcott,Male,2022-02-27,$604.14
Marianna,Castelyn,Female,2022-10-18,$72.25
Gladys,Jacquot,Female,2021-12-03,$402.14
Briney,Blues,Genderfluid,2022-08-13,$863.15
Helli,Edgerley,Female,2022-02-18,$407.47
Cherie,Halfhyde,Female,2022-04-21,$638.69
Kyla,Berrane,Female,2021-11-21,$400.04
Emelyne,Frankel,Female,2022-04-13,$895.34
Rochell,Navarre,Female,2022-02-13,$552.13
Stanfield,Tippett,Male,2022-05-06,$656.20
Viole,Ramsier,Female,2022-05-08,$297.62
Maxy,Jaye,Male,2022-01-04,$787.64
Roddy,Warrington,Male,2022-03-21,$37.21
Stavro,Wetherald,Male,2022-05-27,$821.14
Almeria,Baden,Female,2022-03-30,$273.18
Katine,Theodore,Female,2022-01-24,$916.52
Irene,Babalola,Female,2022-05-06,$967.23
Obidiah,MacDearmont,Male,2022-07-05,$332.16
Florentia,Veart,Female,2022-08-05,$275.23
Raphaela,Trowell,Female,2022-08-07,$420.44
Leoline,Dobbings,Female,2022-04-23,$932.68
Merv,Forbear,Male,2021-12-21,$129.25
Barri,Dominici,Male,2022-08-22,$638.47
Roy,Gajownik,Male,2022-05-13,$417.10
Goddard,Esmond,Male,2022-07-04,$226.21
Kendre,Lusher,Female,2022-04-17,$290.53
Othilie,Clara,Female,2022-05-13,$227.32
Demetre,Samart,Male,2022-10-13,$116.16
Stu,Whelpton,Male,2022-02-25,$64.34
Cassandre,Sedworth,Female,2022-07-31,$827.79
Elka,Benito,Female,2022-05-13,$447.90
Ambrosi,Dumbrill,Male,2022-08-26,$77.89
Wilden,Digweed,Male,2022-05-09,$726.45
Henrieta,Roughan,Female,2022-01-16,$294.19
Kelsi,Cherrett,Female,2022-10-07,$109.01
Rob,Leakner,Male,2022-08-14,$236.48
Kenn,Nerheny,Male,2022-06-25,$968.87
Darya,Hearl,Female,2022-04-13,$288.87
Obidiah,Brosh,Male,2021-11-22,$356.24
Orlando,Collen,Male,2022-01-11,$842.28
Savina,Roddam,Female,2022-10-04,$231.26
Kynthia,Unwins,Female,2022-05-01,$154.88
Emelen,Lies,Male,2022-01-12,$353.66
Lenci,Temple,Male,2022-02-19,$530.46
Carmina,Dawltrey,Female,2021-11-05,$942.91
Jone,Gontier,Male,2022-03-01,$620.33
Arlina,MacIlhagga,Female,2022-03-28,$633.56
Woodrow,Van der Kruijs,Male,2022-03-14,$729.57
Muire,Eland,Female,2022-05-22,$548.10
Reinaldo,Meeke,Male,2022-09-21,$992.83
Artemus,Joskowitz,Male,2022-06-18,$34.91
Mortie,Jodkowski,Male,2022-03-20,$580.76
Jarrod,Kibbe,Agender,2021-12-12,$14.96
Sherlocke,McCobb,Male,2022-06-28,$180.31
Sallie,Andrusyak,Female,2022-08-24,$952.95
Ulises,Belden,Male,2022-07-30,$736.34
Nataniel,Cumberpatch,Male,2022-03-26,$759.47
Zared,Vest,Male,2021-12-13,$609.09
Sabra,Cammocke,Genderqueer,2021-12-01,$272.66
Karrie,Kubas,Female,2022-06-23,$349.82
Haroun,Luberti,Male,2022-02-22,$694.90
Gabriele,Callacher,Male,2022-05-06,$135.74
Von,MacParlan,Male,2021-12-01,$52.77
Nanette,Turbern,Female,2022-07-21,$926.16
Devy,Giovannelli,Male,2022-06-08,$380.73
Elsworth,Tollit,Male,2022-03-18,$136.47
Bidget,Meriel,Female,2022-04-15,$894.21
Roseanne,Wickrath,Female,2022-09-27,$713.74
Richart,Lettuce,Male,2022-09-02,$750.04
Kevin,Dalliston,Male,2022-01-27,$415.68
Herman,Jenny,Male,2022-01-03,$951.56
Giusto,Schober,Male,2022-03-28,$626.42
Prudi,Limmer,Female,2022-04-30,$137.34
Pacorro,Clemoes,Male,2022-03-02,$832.94
Lillis,Sillito,Female,2022-05-29,$133.34
Udell,Colbertson,Male,2022-05-31,$331.00
Ignacius,Pizey,Agender,2021-11-29,$635.85
Hilario,Van Baaren,Male,2022-08-24,$887.33
Hernando,Bramelt,Male,2022-01-20,$86.00
Deny,Dillinton,Female,2022-10-24,$261.81
Kelcie,Daviot,Female,2022-07-20,$664.96
Devland,Howen,Male,2022-08-20,$776.86
Madelon,Lamplugh,Female,2021-12-30,$660.93
Amandy,Earry,Female,2022-09-16,$512.20
Merwyn,Grzesiak,Male,2022-01-09,$879.63
Cleon,Adamoli,Male,2022-02-08,$171.97
Pru,Bowlands,Female,2022-01-13,$612.24
Clifford,Janikowski,Male,2022-10-03,$609.18
Sven,Laba,Male,2022-04-13,$297.45
Marlee,McPhilip,Female,2022-04-01,$407.07
Rachael,Geroldo,Female,2022-07-20,$801.06
Mischa,De Vaar,Male,2022-07-29,$510.25
Lilllie,Bierton,Female,2022-08-10,$675.77
Sibella,Kubica,Female,2022-08-22,$764.63
Munmro,MacGorman,Male,2022-01-24,$555.46
Austin,Klemmt,Male,2022-01-24,$951.47
Mag,Maes,Female,2022-10-23,$169.21
Berry,Petteford,Bigender,2022-09-13,$251.11
Amber,Goulborn,Female,2022-02-02,$498.86
Sharla,Fluin,Female,2022-10-26,$158.40
Netti,Torrans,Female,2022-04-24,$735.90
Gavan,Lethcoe,Male,2022-02-27,$461.81
Tobin,Shakspeare,Male,2022-07-30,$581.48
Alfons,Simeoli,Male,2022-01-03,$345.16
Jaime,Kanwell,Male,2022-04-02,$886.58
Binny,Dumigan,Female,2022-09-26,$324.33
Steward,Penna,Male,2022-01-01,$347.86
Ivett,Whitwood,Female,2022-07-11,$310.27
Maryanne,Tomaszkiewicz,Female,2022-02-14,$895.38
Gussy,Verring,Female,2021-11-12,$580.64
Burty,Wicken,Male,2022-09-11,$908.52
Nikki,Dionisi,Male,2022-09-19,$604.87
Roanna,Arnaldy,Female,2022-07-25,$326.81
Matty,Lomansey,Genderqueer,2022-04-27,$993.26
Rivalee,Baildon,Female,2021-11-09,$957.22
Joline,Brackstone,Female,2021-12-19,$743.16
Murray,Pitt,Male,2022-02-08,$345.35
Lanna,Pears,Female,2022-05-09,$980.92
Kira,Tasch,Female,2022-02-15,$233.00
Ellsworth,Hotson,Male,2022-06-22,$851.37
Rory,Fechnie,Male,2021-12-14,$999.13
Regine,Ceney,Female,2022-02-10,$543.56
Farrah,Neubigin,Female,2021-12-13,$291.99
Melita,Whittington,Female,2022-02-28,$466.90
Christi,Oldershaw,Female,2022-08-11,$418.87
Ruth,Peer,Female,2022-07-15,$374.75
Jan,Hamnett,Male,2022-07-10,$126.77
Willa,Dennis,Female,2022-03-31,$467.66
Sayre,Indge,Female,2022-09-27,$186.45
Stuart,Torpie,Polygender,2022-01-06,$757.05
Isacco,Loren,Male,2022-01-03,$252.49
Archaimbaud,Conneely,Male,2021-11-05,$62.76
Nollie,Caldroni,Genderqueer,2022-01-23,$559.42
Eric,Beed,Male,2022-06-12,$437.59
Gerhardt,Frame,Male,2022-09-08,$570.80
Noby,Hornung,Bigender,2022-04-24,$813.93
Anetta,Wagerfield,Female,2022-03-06,$496.44
Nan,Imloch,Female,2021-12-28,$951.13
Elita,Reape,Female,2022-09-13,$623.39
Alica,Loalday,Female,2022-05-01,$145.11
Basil,Strangward,Male,2022-03-14,$111.33
Mack,Haycroft,Male,2022-09-16,$494.91
Tan,Grigoryov,Male,2022-07-31,$156.13
Ennis,Gorrissen,Male,2021-11-04,$777.99
Evelyn,Mayou,Female,2022-04-06,$879.13
Etienne,Fibben,Male,2022-01-02,$856.37
Frankie,Whitehorn,Female,2022-01-16,$181.72
Mikael,Cammish,Bigender,2022-06-29,$473.38
Tobit,Senett,Male,2022-09-01,$740.94
Carroll,Tookill,Male,2022-03-03,$687.60
Ann-marie,Choke,Female,2021-11-07,$536.53
Antony,Smeal,Male,2022-05-14,$155.13
Dall,Barbosa,Male,2022-03-07,$699.20
Emmet,Kember,Male,2022-04-15,$894.62
Marabel,Paterno,Female,2022-02-18,$43.11
Ilyse,Menci,Female,2022-07-25,$334.90
Luz,Klesse,Female,2022-05-17,$234.30
Celinka,Goodbairn,Female,2022-01-30,$391.42
Thorpe,Rapp,Male,2022-09-28,$226.64
Anne-marie,Sebring,Female,2022-01-03,$644.68
Isidoro,Trazzi,Male,2021-11-30,$292.06
Ruprecht,Caherny,Male,2022-01-31,$320.27
Heall,Seppey,Male,2022-02-14,$741.46
Carlie,Dunbavin,Male,2022-04-03,$317.41
Charlie,Kilrow,Male,2021-11-03,$289.30
Julianna,Chat,Female,2022-02-27,$411.82
Leslie,Sandell,Female,2022-07-17,$134.81
Fairlie,Wolfers,Male,2022-01-10,$148.74
Beret,Cragoe,Female,2021-12-17,$304.64
Marco,Christopherson,Male,2022-04-14,$749.33
Roddie,Gladdis,Male,2022-03-13,$392.89
Tibold,Midson,Agender,2022-05-09,$920.51
Cecilia,Wadmore,Female,2021-12-08,$369.63
Gwendolyn,Landor,Female,2021-11-25,$821.24
Olva,Rains,Female,2022-09-01,$34.62
Maximilianus,Blamey,Bigender,2022-05-12,$26.51
Laryssa,Cervantes,Female,2022-02-03,$843.66
Drucill,Redier,Female,2022-09-21,$211.65
Carola,Postan,Female,2022-08-30,$534.56
Rafael,Standbrook,Male,2022-05-03,$78.90
Britney,Hinrich,Female,2022-10-27,$889.04
Tait,Gheerhaert,Male,2021-11-26,$390.60
Peyter,Keedy,Male,2022-01-28,$116.45
Korie,Chaplin,Female,2022-03-09,$808.90
Arri,Heakins,Male,2022-06-09,$988.19
Alonzo,Firebrace,Male,2022-10-14,$871.62
Chantal,Veel,Female,2022-06-13,$938.24
Alissa,Castellini,Female,2022-01-25,$740.60
Daffy,Towey,Female,2022-02-18,$950.76
Felicity,Domm,Female,2021-12-12,$648.56
Denney,Checklin,Male,2022-03-31,$518.35
Clem,Chander,Male,2021-11-07,$190.43
Grannie,Taborre,Male,2022-08-02,$745.19
Latrina,Satteford,Agender,2022-06-05,$957.60
Colby,Moroney,Male,2022-05-10,$1.78
Madelon,De Cruze,Female,2021-12-25,$332.81
Susette,Kimmel,Female,2022-05-14,$667.04
Carleton,Doohan,Male,2022-02-23,$3.14
Weber,Szapiro,Male,2022-04-09,$615.12
Lonnard,Habbert,Polygender,2022-06-25,$554.82
Jewelle,Lea,Female,2022-04-23,$498.41
Dahlia,Thorouggood,Female,2022-10-11,$296.72
Wendy,Fradson,Female,2022-03-14,$494.37
Obed,Mitchelmore,Male,2022-06-19,$141.83
Babbette,Hackett,Female,2021-12-12,$278.71
Bendick,Tylor,Male,2022-10-06,$239.64
Catrina,Meneer,Genderqueer,2022-06-29,$771.28
Irene,Halbard,Female,2021-11-05,$427.16
Mikel,Tease,Male,2022-07-28,$937.24
Marianne,Williams,Female,2022-04-27,$789.33
Gabbie,Whistance,Female,2022-06-10,$143.23
Lin,D'Onisi,Agender,2022-01-13,$955.07
Dory,Kelsow,Female,2022-06-18,$975.56
Rosy,Pickvance,Female,2022-07-08,$415.14
Nikolai,Prevett,Male,2022-07-29,$772.61
Verina,Koeppke,Female,2022-02-04,$29.09
Tomaso,Shawcross,Male,2022-05-18,$741.33
Myron,Stivers,Agender,2022-06-04,$61.15
Nannette,Cardozo,Female,2022-07-13,$46.75
Humfrey,Spondley,Male,2022-08-13,$227.25
Pier,Lanaway,Non-binary,2021-11-15,$215.05
Brear,Soreau,Female,2021-12-27,$440.33
Ardath,Rayworth,Female,2021-12-31,$847.99
Korie,Klaiser,Female,2022-09-09,$119.81
Celina,Vanyard,Female,2021-11-09,$208.76
Cristiano,Hynam,Male,2022-02-24,$760.30
Cecile,Keasey,Female,2021-12-06,$294.73
Karlotte,Kiloh,Female,2022-01-26,$342.85
Odelle,Burde,Female,2021-11-29,$969.81
Fayth,Abbott,Female,2022-01-13,$847.06
Gilbertine,Guppey,Female,2022-01-31,$585.64
Mada,Keyden,Female,2022-06-22,$431.54
Ursa,Carah,Female,2022-06-11,$219.85
Tiler,Truluck,Male,2022-03-26,$816.57
Sheffy,Rustich,Male,2022-06-19,$98.81
Jeff,Normanvell,Male,2022-09-22,$164.00
Dela,Mark,Female,2022-04-17,$845.13
Gilligan,Rainsden,Female,2022-07-04,$384.81
Rudd,Doul,Male,2022-04-29,$62.93
Reuven,Basler,Male,2021-12-01,$2.85
Zulema,Romanini,Female,2021-11-13,$360.76
Mavis,Keoghan,Female,2022-02-17,$88.54
Gayler,Boobyer,Genderqueer,2022-10-08,$853.68
Forrest,Mc-Kerley,Male,2022-01-26,$2.46
Mallory,Burry,Female,2022-05-19,$225.91
Hanson,McCome,Male,2022-04-10,$271.82
Chaim,Pellett,Agender,2022-04-18,$609.49
Peg,Presman,Female,2021-11-21,$307.83
Salmon,Scyner,Male,2022-08-14,$154.72
Rhoda,Cavalier,Female,2022-06-13,$507.91
Deerdre,Moberley,Female,2021-12-13,$364.61
Aggi,Orgen,Female,2021-11-26,$263.89
Timotheus,Stansbury,Male,2022-04-01,$464.86
Grata,Shillito,Female,2022-09-21,$502.38
Hermie,Davidescu,Male,2022-02-26,$138.60
Bank,Agg,Male,2022-09-25,$168.19
Fitzgerald,Brittoner,Male,2022-05-10,$661.66
Anastasie,Pantecost,Female,2022-10-06,$822.95
Benn,Nutley,Male,2022-04-28,$693.34
Artemus,Skelcher,Male,2022-06-07,$621.97
Kath,Dutteridge,Female,2022-08-26,$997.93
Susy,Perocci,Female,2021-12-11,$330.24
Berthe,Rapley,Female,2021-12-21,$758.26
Brad,Frear,Non-binary,2022-03-09,$845.25
Miguela,Towhey,Female,2022-08-18,$874.04
Genevra,Lightowler,Female,2021-11-11,$422.37
Niven,Toynbee,Non-binary,2022-01-12,$1.65
Gayle,Byrd,Male,2022-03-18,$378.86
Nettie,Shackell,Female,2022-08-22,$752.03
Shem,Dobbing,Non-binary,2022-10-21,$879.31
Sloane,Judkins,Male,2022-07-02,$257.11
Phil,Semiras,Male,2022-03-24,$670.56
Janeczka,Youings,Female,2022-02-03,$85.29
Forrester,Reedie,Male,2022-05-17,$8.53
Curtice,Fenny,Male,2022-01-27,$415.38
Merill,Burel,Male,2021-11-01,$345.48
Kathleen,Gammidge,Female,2022-04-04,$555.18
Chloette,Cable,Female,2022-08-14,$862.65
Bernice,Watman,Female,2022-06-19,$884.12
Darya,Gaymar,Female,2021-11-28,$706.64
Chilton,Penhall,Male,2022-07-31,$658.85
Tessie,Vardie,Female,2021-12-13,$113.97
Jimmy,Hazlehurst,Male,2021-11-05,$977.39
Margery,Kelshaw,Female,2022-07-07,$643.33
Free,Maren,Male,2022-08-30,$287.42
Peterus,Bogie,Male,2022-03-01,$484.45
Dorry,Dunn,Female,2021-12-04,$574.77
Des,Order,Male,2022-02-11,$958.15
Catharina,Strong,Female,2022-09-18,$232.41
Esmeralda,Baysting,Female,2021-12-05,$512.81
Horatius,Buswell,Male,2022-07-18,$854.95
Fallon,Lethbury,Female,2022-02-22,$477.72
Cybil,Poon,Female,2022-09-08,$190.68
Graham,Beringer,Male,2022-08-27,$584.39
Barris,Soans,Male,2022-08-17,$768.34
Ruthe,Alfuso,Female,2022-06-01,$837.51
Bryon,Le Bosse,Male,2021-11-20,$459.89
Markus,Middis,Male,2022-05-02,$300.74
Berenice,Dillinger,Female,2022-07-01,$845.69
Donnie,Batkin,Female,2022-10-14,$472.98
Morris,Ensley,Male,2022-02-27,$612.93
Werner,Whitby,Male,2022-06-19,$122.35
Lindi,Stanger,Genderqueer,2022-09-28,$426.28
Murdock,Ciepluch,Bigender,2022-06-28,$506.85
Kalil,Mac,Male,2022-06-21,$546.92
Lutero,Hardbattle,Male,2022-05-23,$542.01
Torey,Annice,Male,2022-08-04,$214.03
Paulie,Haydney,Male,2021-12-19,$406.14
Onofredo,Eltune,Male,2021-11-07,$806.29
Livvie,Danilyuk,Female,2022-08-06,$37.96
Cecilius,Antic,Male,2022-09-07,$14.98
Rey,Antuoni,Male,2022-01-29,$291.55
Christie,Muselli,Male,2022-06-08,$245.78
Katlin,Pendrid,Female,2021-11-07,$538.83
Rose,Dobson,Female,2021-10-31,$590.69
Moss,Elam,Male,2021-12-20,$126.61
Margi,Leman,Female,2022-05-20,$813.07
Barri,Genthner,Male,2022-05-20,$362.15
Margaux,Bowler,Female,2022-05-11,$686.20
Andriana,Antonich,Female,2022-10-10,$140.20
Cassie,Fliege,Bigender,2022-09-11,$724.58
Lon,Collier,Male,2022-04-22,$843.86
Patience,Scoggan,Female,2022-06-03,$231.63
Latrina,Fortnon,Female,2022-06-19,$196.71
Aylmar,Bromige,Non-binary,2022-04-12,$742.97
Waylin,Davinet,Male,2022-10-23,$430.85
Daron,Summerscales,Male,2022-10-18,$64.57
Briggs,Cawcutt,Male,2022-10-20,$601.29
Paxon,Knowlson,Male,2022-06-27,$91.32
Palm,Claypool,Male,2022-08-30,$142.98
Candace,Fortman,Female,2022-07-29,$52.55
Tony,Honnicott,Female,2022-04-10,$584.44
Junie,Aiken,Female,2022-02-24,$900.80
Daniele,De Castri,Female,2022-07-30,$122.51
Susanne,Jeandon,Female,2022-07-15,$665.86
Melicent,Picott,Female,2022-02-11,$809.61
Boniface,Lindmark,Male,2022-10-14,$76.77
Ottilie,Starbeck,Female,2022-01-30,$829.31
Inna,Gini,Female,2022-01-03,$559.24
Melloney,Tewnion,Female,2022-04-13,$273.84
Hildagarde,Senn,Female,2021-11-12,$789.91
Barron,Lambertz,Male,2022-09-11,$987.41
Ev,Broschke,Male,2022-09-21,$877.29
Sherwynd,O' Dooley,Male,2022-01-02,$495.51
Emlynne,Coughlan,Female,2022-02-28,$209.06
Inglis,Bangley,Male,2022-01-09,$49.58
Shelly,Minchindon,Female,2022-07-05,$693.56
Whitman,Mayell,Male,2022-07-26,$387.01
Sherwin,Fedorchenko,Male,2022-07-22,$773.28
Jeffry,Petrazzi,Male,2022-02-18,$68.65
Nikola,Cranston,Male,2022-01-30,$459.59
Bord,Kevlin,Male,2022-03-01,$80.12
Isabelita,Cherrington,Female,2022-05-13,$613.05
Aube,Warsap,Male,2021-12-24,$886.72
Currie,Hann,Genderfluid,2022-04-02,$668.28
Bay,O'Halligan,Male,2022-06-13,$171.56
Myra,Walbrook,Female,2022-02-23,$229.40
Archibald,Cleverly,Male,2022-07-04,$207.51
Dalston,Bruhnicke,Male,2022-09-03,$83.30
Mathilda,Riddett,Female,2021-12-30,$344.48
Sheridan,Rands,Male,2021-11-13,$138.01
Virginia,Blunn,Agender,2021-12-30,$187.91
Skipper,Riatt,Male,2022-06-18,$536.06
Bordie,Garioch,Male,2022-09-15,$15.92
Chuck,Doman,Male,2021-12-23,$342.94
Miller,Hudghton,Male,2022-07-13,$445.35
Mollee,Bravery,Female,2022-01-19,$34.33
Skipper,Raincin,Male,2022-04-18,$566.95
Susann,Iowarch,Female,2022-03-20,$937.51
Renelle,Kleinhausen,Female,2021-12-11,$51.49
Berte,Van den Hof,Female,2021-11-03,$149.34
Willa,Cheers,Female,2022-07-23,$146.09
Gisele,Shakesby,Female,2022-03-19,$901.56
Stephana,Darlaston,Female,2022-06-06,$251.05
Salim,Blyth,Male,2022-08-04,$289.95
Kevyn,Giddins,Female,2022-01-06,$973.32
Jourdain,Clewarth,Male,2022-09-03,$843.88
Kris,Branston,Female,2022-01-26,$788.77
Seamus,Demogeot,Male,2021-12-12,$772.13
Rupert,Cooney,Male,2021-12-21,$959.09
Alvira,Coiley,Female,2022-04-19,$747.70
Morrie,Maine,Male,2021-12-01,$454.65
Katuscha,Goodday,Female,2022-03-10,$757.78
Vincenz,Blas,Male,2022-03-02,$349.32
Conn,Radloff,Male,2022-10-21,$721.50
Pam,Snoddy,Female,2021-12-27,$993.04
Ebonee,Martinelli,Female,2022-02-25,$330.14
Quinton,Stoodale,Male,2021-12-25,$418.20
Giffard,Gosselin,Male,2022-01-16,$417.03
Johann,Burbridge,Male,2022-04-19,$630.57
Marcia,Brogi,Female,2022-08-08,$230.38
Andrew,Becarra,Male,2021-11-13,$310.09
Rudolf,Yanov,Male,2022-04-25,$381.09
Wileen,Deaves,Female,2021-11-24,$792.52
Morris,Creed,Male,2022-06-25,$659.48
Guy,Pitcher,Male,2021-11-17,$597.79
Georg,Gascoyen,Male,2022-10-07,$180.08
Costa,Kindred,Male,2022-08-31,$746.25
Kiersten,Scolland,Female,2021-11-19,$667.81
Edyth,Brabender,Female,2021-11-23,$582.40
Ulrike,Damper,Female,2022-03-24,$490.10
Vanya,Atty,Male,2022-01-01,$926.90
Braden,Segeswoeth,Male,2022-05-20,$897.61
Charmine,Mansion,Female,2022-01-09,$22.03
Britni,Blais,Female,2022-06-23,$33.17
Dannie,Andrewartha,Genderfluid,2022-05-26,$954.68
Dorita,Willimott,Female,2022-02-19,$583.08
Ginger,Sprague,Female,2022-06-24,$713.96
Bennie,Thurlow,Female,2021-11-03,$631.10
Markos,Rigden,Male,2022-02-16,$109.00
Elysha,Graeser,Genderqueer,2022-04-14,$112.40
Sherm,Cronchey,Male,2022-03-08,$105.58
Ware,Orviss,Male,2022-01-15,$55.03
Tony,Jentgens,Female,2022-04-15,$507.84
Dennis,Wanley,Agender,2022-06-29,$968.72
Huntlee,Mattei,Male,2022-01-08,$348.25
Byrle,Wickins,Male,2022-05-16,$339.98
Lise,Pedrol,Female,2022-02-19,$748.50
Mendel,Sayce,Male,2022-04-19,$769.94
Vale,Clappson,Male,2022-10-03,$769.67
Tana,McGannon,Female,2022-06-30,$339.37
Charla,Kopisch,Female,2022-08-30,$499.14
Zonnya,Petruk,Female,2022-06-16,$421.24
Annora,Whittall,Female,2021-11-27,$324.84
Arley,Felipe,Male,2022-03-08,$159.55
Rusty,Murthwaite,Male,2022-04-14,$30.36
Eugene,Eingerfield,Male,2022-05-22,$447.44
Irwinn,Flott,Non-binary,2022-01-15,$467.79
Vikki,Wordley,Female,2022-08-10,$372.76
Jon,Catherine,Male,2022-02-17,$190.91
Samantha,Donahue,Female,2022-07-18,$445.29
Matty,Fernanando,Male,2022-04-11,$906.49
Tommy,Kardos,Male,2022-05-17,$927.41
Shellie,Akhurst,Female,2021-10-29,$699.29
Harley,Marking,Male,2021-11-27,$651.24
Monte,Saywood,Male,2022-03-02,$949.75
Freida,Poge,Agender,2022-10-07,$90.16
Hynda,Shee,Female,2021-12-15,$453.28
Rodina,Hansod,Female,2022-08-05,$382.85
Eugenio,Camplen,Polygender,2022-05-23,$390.83
Northrop,Moralee,Male,2021-11-14,$701.47
Chickie,Imbrey,Male,2022-09-24,$696.46
Diandra,Bleacher,Female,2022-05-08,$412.62
Faustina,Downey,Female,2022-10-22,$569.63
Almeda,Crellim,Non-binary,2022-08-14,$662.65
Sula,Clissell,Female,2021-12-03,$122.90
Lauralee,Lawlee,Female,2022-02-15,$559.85
Morgan,Jeannet,Genderfluid,2022-02-26,$288.62
Gorden,Feasley,Male,2022-10-11,$72.18
Leonhard,Dymocke,Male,2021-12-20,$961.92
Krishna,Shevlane,Male,2021-11-01,$998.93
Glynn,Patullo,Bigender,2022-05-18,$984.19
Hyacintha,Vinden,Female,2022-07-12,$79.56
Horatio,Twinning,Male,2022-08-04,$429.37
Myrle,O'Doireidh,Female,2022-03-09,$541.64
Vincenz,Lishman,Male,2022-10-20,$481.03
Josephina,Waker,Female,2021-11-09,$703.35
Carmelita,Pocklington,Female,2022-05-19,$460.97
Mariejeanne,Ternott,Female,2021-11-30,$600.71
Blinny,Tineman,Female,2022-02-15,$641.14
Keary,Juden,Male,2022-05-01,$369.39
Grier,Waller-Bridge,Bigender,2022-01-02,$568.73
Rosina,Hendrikse,Female,2022-05-12,$453.21
Daniel,Shulem,Male,2022-06-28,$790.72
Pearle,Haggerston,Female,2022-10-14,$888.65
Mallorie,English,Polygender,2022-06-03,$912.48
Nicola,Trusdale,Male,2021-10-31,$945.11
Bone,Espine,Male,2022-04-02,$779.87
Darlleen,Rubinovici,Female,2021-12-30,$75.28
Emilio,Tumber,Agender,2021-10-30,$572.96
Roddy,Bohea,Male,2022-07-30,$382.71
Carri,Smitten,Female,2022-02-11,$255.16
Jewell,Andriulis,Female,2022-07-21,$759.18
Tito,Eland,Male,2022-04-09,$965.96
Arman,Hargess,Male,2022-09-30,$201.68
Sibyl,Bernardinelli,Male,2022-10-17,$575.21
Rolando,Barrows,Male,2022-09-28,$193.01
Rachel,Tadd,Female,2021-11-17,$708.34
Shanda,Espy,Female,2022-01-25,$12.23
Isidore,Anthona,Male,2022-10-06,$484.22
Kirby,Sollon,Male,2022-04-03,$231.68
Kerrin,Picton,Genderfluid,2022-01-19,$365.55
Gabbie,Sarah,Male,2022-01-12,$61.60
Idell,Thunnercliffe,Female,2022-06-14,$398.85
Brett,Howe,Male,2022-01-28,$309.48
Benoite,Webburn,Female,2021-11-24,$468.68
Madelon,Deguara,Female,2022-09-16,$638.77
Wandis,Muat,Female,2022-09-14,$524.62
Odette,Cockshut,Female,2022-05-26,$777.99
Randa,Brotherton,Female,2022-03-20,$171.17
Washington,Finders,Non-binary,2022-05-18,$35.42
Lita,Algar,Female,2022-10-07,$177.60
Maud,Catonne,Female,2021-12-30,$643.10
Loleta,Pedrazzi,Female,2021-11-17,$430.19
Humberto,Cornell,Male,2022-04-14,$621.46
Lanni,Doutch,Female,2022-04-22,$46.14
Dredi,Greenly,Female,2022-07-13,$138.22
Christoforo,Heaslip,Male,2022-06-04,$158.56
Thekla,Kendle,Female,2022-05-01,$105.21
Aveline,Millhouse,Female,2022-05-22,$826.61
Emelita,Francey,Female,2022-04-17,$590.47
Alikee,Fibbitts,Female,2021-12-12,$54.52
Rachael,Critchard,Female,2021-11-09,$260.39
Douglass,Conn,Male,2022-07-13,$600.94
Nonie,Stevani,Female,2022-10-08,$363.02
Craig,Sisse,Male,2022-03-19,$423.00
Hal,Deighan,Agender,2022-04-07,$141.13
Olympia,Sainsbury,Female,2021-11-22,$607.09
Clare,Hanny,Female,2022-05-11,$248.85
Reube,Feldmark,Male,2022-01-30,$240.20
Cornie,Wainscoat,Male,2022-07-29,$26.09
Fleming,Hairon,Genderqueer,2021-12-08,$481.38
Conrade,Letteresse,Male,2022-01-27,$58.25
Kyrstin,Hunstone,Female,2022-06-26,$68.32
Linn,Garbutt,Male,2022-04-11,$19.33
Rosella,Bukac,Female,2022-07-19,$194.24
Byrann,Brodeur,Male,2022-08-14,$592.28
Clair,Fazzioli,Male,2022-07-06,$489.10
Lacee,Skace,Female,2021-12-05,$584.46
Kelcey,Greenrodd,Female,2022-01-12,$983.54
Holt,Purton,Male,2022-01-25,$954.01
Marchall,Puckinghorne,Male,2022-08-23,$486.50
Elladine,Casiero,Female,2022-02-03,$631.07
Robinia,Laffling,Female,2022-07-10,$369.22
Bourke,Overlow,Male,2021-12-16,$297.38
Cornela,Lattey,Female,2022-06-19,$973.65
Zola,Gwilliam,Female,2021-12-12,$884.37
Mose,Cashman,Male,2022-09-08,$31.81
Dudley,Fergyson,Male,2022-08-04,$991.02
Celle,Humbles,Female,2022-05-16,$764.83
Salomo,Jado,Male,2022-10-11,$442.10
Celina,Runsey,Female,2022-08-17,$321.10
Garey,McArte,Male,2022-07-26,$383.53
Brent,Lessmare,Male,2022-01-03,$315.86
Vladimir,Ugolini,Male,2021-11-29,$759.92
Zechariah,Dofty,Male,2022-01-14,$225.81
Fidel,Senogles,Male,2022-10-08,$28.13
Ingra,Quiney,Male,2022-07-15,$276.70
Melosa,Persicke,Female,2021-12-24,$238.05
Giselle,Sherrin,Female,2022-02-21,$726.94
Gilberte,Dirr,Female,2022-06-05,$901.97
Happy,Prater,Female,2021-12-10,$442.35
Hewitt,Dobkin,Male,2021-12-19,$448.66
Viviene,Meltetal,Female,2022-06-08,$320.81
Cheslie,Giorgione,Female,2022-10-26,$472.17
Maisie,Silson,Female,2022-03-20,$379.90
Anneliese,Stubs,Female,2022-09-28,$610.56
Andee,Vaughan-Hughes,Female,2022-06-15,$380.99
Tulley,Center,Male,2022-05-27,$339.53
Marga,Bonnar,Female,2022-08-29,$733.28
Jerrilee,Vaudre,Female,2022-04-02,$715.90
Malcolm,Holson,Genderfluid,2022-10-12,$247.33
