id,model,make
1,1000,Pontiac
2,Ram Van B350,
3,SRX,Cadillac
4,,
5,CLK-Class,
6,GLC,
7,Jetta,
8,,
9,3500 Club Coupe,
10,Tacoma,
11,,
12,Prizm,
13,GT-R,Nissan
14,XT,
15,XC70,
16,Grand Voyager,
17,,
18,Savana 3500,
19,Neon,
20,,
21,,Mazda
22,Probe,Ford
23,Savana 3500,GMC
24,,
25,929,Mazda
26,,
27,Corvette,
28,Express 2500,
29,Q5,
30,,
31,W201,
32,Century,
33,Avalon,
34,,
35,,
36,,
37,,
38,Tracer,Mercury
39,,
40,,
41,Swift,
42,,
43,,
44,,
45,,
46,Galant,
47,Fiesta,
48,MR2,Toyota
49,,
50,H1,Hummer
51,Matrix,
52,,Audi
53,,
54,,Volkswagen
55,Eos,
56,,Dodge
57,,
58,,
59,X5,
60,Sierra 2500,
61,Tempo,
62,Wrangler,
63,Focus,
64,Excursion,
65,,Volvo
66,,
67,Ranger,
68,Terraza,Buick
69,Tracker,
70,Lynx,
71,,Chevrolet
72,,
73,Century,Buick
74,,Buick
75,,
76,Grand Marquis,
77,,Ford
78,,
79,Colt Vista,
80,Millenia,
81,,
82,,Volkswagen
83,Club Wagon,Ford
84,,Nissan
85,,
86,,
87,Express,
88,SLK-Class,
89,,
90,Accord,Honda
91,,Mercury
92,,
93,6000,Pontiac
94,NSX,
95,Galant,
96,Spirit,
97,F350,
98,,
99,Legacy,
100,C70,Volvo
101,,
102,Titan,
103,,
104,,
105,,
106,,
107,,
108,944,
109,LX,Lexus
110,Discovery,Land Rover
111,LTD,
112,,
113,SLK-Class,
114,57,
115,5 Series,
116,626,
117,Titan,
118,,Dodge
119,Corolla,
120,Coachbuilder,
121,300,Chrysler
122,CLK-Class,
123,Mustang,
124,Grand Marquis,
125,,
126,QX,
127,,
128,,
129,,
130,,
131,Miata MX-5,
132,Boxster,Porsche
133,Ram 3500,
134,Savana 2500,
135,,
136,Century,Buick
137,,
138,Escalade EXT,
139,CC,Volkswagen
140,,
141,,
142,,Ford
143,Eldorado,
144,,
145,Reatta,Buick
146,LS,Lincoln
147,Genesis,
148,,Plymouth
149,,GMC
150,XT,
151,,
152,,
153,,Scion
154,,
155,,
156,,
157,C70,
158,Ciera,
159,,Mercedes-Benz
160,,
161,Explorer Sport Trac,
162,6 Series,BMW
163,,
164,XK,Jaguar
165,,
166,,
167,,
168,,
169,Grand Am,
170,,Toyota
171,Escort,
172,,
173,,
174,,Dodge
175,,
176,,Hyundai
177,,
178,,
179,TT,
180,Swift,Suzuki
181,Frontier,Nissan
182,,Mitsubishi
183,Corvette,
184,Lancer,
185,F150,
186,,
187,,Plymouth
188,SLS AMG,Mercedes-Benz
189,Patriot,
190,,
191,,
192,,
193,Malibu,Chevrolet
194,Avalon,
195,Entourage,Hyundai
196,,
197,,
198,300ZX,
199,,
200,Swift,
201,Grand Marquis,
202,Cougar,
203,,
204,Grand Prix,
205,,
206,Jimmy,GMC
207,,
208,,Maserati
209,,
210,,
211,Altima,Nissan
212,Riviera,
213,,
214,,
215,Grand Am,
216,Sierra 1500,
217,Galaxie,Ford
218,Versa,
219,Stratus,
220,,
221,,Mazda
222,Seville,Cadillac
223,,
224,Quest,
225,7 Series,
226,,
227,,
228,,
229,,
230,F350,Ford
231,CTS-V,
232,,
233,,
234,,
235,,
236,Camry Hybrid,
237,,
238,9000,
239,S-Type,
240,F150,
241,,
242,,
243,Solstice,
244,928,
245,,Cadillac
246,,
247,Viper,Dodge
248,Flex,Ford
249,,
250,Bonneville,
251,,
252,Escort,
253,,Isuzu
254,,
255,,BMW
256,,
257,,
258,Safari,GMC
259,,
260,,
261,,
262,8 Series,
263,,GMC
264,,
265,,Pontiac
266,,GMC
267,Civic,Honda
268,CT,
269,,
270,Jetta III,Volkswagen
271,,
272,,
273,,
274,9-5,
275,Equinox,
276,Galant,
277,,Hummer
278,,
279,Previa,Toyota
280,xB,Scion
281,,Cadillac
282,Econoline E350,Ford
283,,
284,Mustang,Ford
285,,
286,645,
287,,
288,5 Series,
289,,
290,GS,
291,,
292,,
293,Yukon XL 2500,
294,Lumina APV,
295,,
296,Acadia,GMC
297,,Ford
298,XJ Series,
299,,Lincoln
300,2e,
301,M,
302,,
303,Camry,
304,,
305,,
306,Excursion,
307,E-Class,Mercedes-Benz
308,,
309,E250,
310,Galant,
311,Aura,
312,Silverado 3500,
313,E-Series,Ford
314,MX-3,Mazda
315,Sportvan G20,
316,Continental Flying Spur,
317,Econoline E250,Ford
318,Astro,
319,,Audi
320,,
321,,Mazda
322,,Pontiac
323,CTS,
324,,
325,,
326,Cutlass,Oldsmobile
327,Sidekick,
328,Camaro,
329,,
330,,
331,,
332,Montero Sport,Mitsubishi
333,,
334,,
335,Camry,Toyota
336,V40,Volvo
337,330,
338,Tucson,
339,G6,
340,Tracer,
341,SL-Class,
342,,
343,,
344,Mirage,
345,XK Series,
346,,
347,,
348,Lynx,
349,,
350,Marquis,
351,,
352,,
353,,
354,,
355,,
356,Liberty,
357,,Eagle
358,9-5,
359,Sequoia,
360,Century,
361,,
362,Cobalt,Chevrolet
363,,Cadillac
364,Mariner,
365,,
366,,Ford
367,3500,GMC
368,,Cadillac
369,Firefly,
370,Escort,
371,Sunbird,
372,,
373,GLK-Class,Mercedes-Benz
374,,
375,,
376,Montana SV6,
377,,Volkswagen
378,Challenger,
379,,
380,,
381,Continental GT,
382,Bonneville,
383,,
384,Grand Am,
385,Lancer,Mitsubishi
386,,
387,,Nissan
388,RX-7,Mazda
389,,
390,Model T,
391,,
392,Starion,
393,Elantra,Hyundai
394,Lumina,
395,,Cadillac
396,Golf,
397,,
398,Pathfinder,Nissan
399,Sportage,
400,Escape,
401,,Toyota
402,Trooper,Isuzu
403,Accord,
404,Fox,
405,M3,
406,Ram 3500 Club,
407,,
408,,Toyota
409,3500 Club Coupe,
410,,
411,5 Series,
412,,
413,VehiCROSS,Isuzu
414,SL-Class,Mercedes-Benz
415,Escalade,
416,,GMC
417,Savana 3500,
418,,Dodge
419,,GMC
420,,Mercury
421,,
422,Soul,Kia
423,ES,
424,Express 3500,
425,,
426,Suburban 2500,
427,,
428,,
429,,Mercedes-Benz
430,Evora,
431,,Hyundai
432,Golf III,
433,929,Mazda
434,,
435,,
436,Camaro,
437,,
438,,
439,Corvette,
440,,
441,545,
442,Vandura 1500,GMC
443,Grand Caravan,Dodge
444,,
445,,
446,Cabriolet,
447,Continental GTC,
448,62,
449,,
450,S2000,
451,Villager,
452,,
453,,
454,,
455,Grand Vitara,Suzuki
456,,Honda
457,Jetta,
458,F-Series,
459,,Lamborghini
460,Versa,
461,,
462,,
463,,Ford
464,LaCrosse,
465,Nubira,
466,Camaro,
467,,
468,,Mercury
469,Z4,BMW
470,,
471,,Chevrolet
472,,
473,,
474,,
475,,
476,Rodeo,
477,,Porsche
478,,
479,7 Series,
480,Yukon,
481,,
482,Express 3500,
483,Safari,
484,,Pontiac
485,Camaro,
486,Paseo,
487,,Volvo
488,Paseo,
489,,
490,,
491,Mariner,
492,,
493,,
494,,
495,S80,
496,,
497,,
498,RL,
499,S60,Volvo
500,Corvair 500,
501,,
502,,Ford
503,,
504,Yukon XL 1500,
505,,
506,C70,Volvo
507,,Mercedes-Benz
508,,
509,New Beetle,
510,,Mercedes-Benz
511,Escalade EXT,
512,,
513,Diamante,
514,,
515,Grand Prix,
516,Frontier,
517,Spyder,Maserati
518,,
519,S4,Audi
520,,
521,,BMW
522,,
523,,
524,CTS-V,Cadillac
525,,
526,,
527,Coupe Quattro,Audi
528,,
529,,
530,,
531,S80,
532,Yukon XL 1500,
533,Yukon XL 1500,GMC
534,Vandura 3500,
535,G37,
536,Bronco,
537,Prizm,
538,M3,
539,,
540,,
541,,Ford
542,,Cadillac
543,626,
544,Coachbuilder,
545,,
546,,
547,GS,Lexus
548,Civic Si,Honda
549,,
550,,Mitsubishi
551,,Kia
552,,Mitsubishi
553,Rio,Kia
554,Econoline E150,
555,,
556,F350,
557,Electra,
558,,
559,E-Class,
560,Silverado 1500,
561,XJ Series,Jaguar
562,7 Series,
563,200SX,
564,MKX,Lincoln
565,,
566,Mustang,
567,,
568,,
569,,
570,,
571,GX,
572,,
573,,Rolls-Royce
574,,Dodge
575,,Ford
576,,Ford
577,Protege5,
578,,Daihatsu
579,,
580,,
581,,Volkswagen
582,Gallardo,Lamborghini
583,,
584,545,
585,,
586,Range Rover,
587,,
588,Corvette,
589,Avalanche 2500,
590,E-Series,
591,Solara,Toyota
592,Genesis Coupe,Hyundai
593,Mazda5,Mazda
594,Equinox,
595,,
596,,
597,V8,
598,3 Series,BMW
599,300M,Chrysler
600,,Isuzu
601,,
602,,
603,Mighty Max,
604,Rainier,
605,Lancer,
606,,
607,LS,
608,,
609,,
610,Vandura G2500,
611,,
612,,
613,Lanos,
614,,
615,,
616,,
617,CR-X,
618,G-Series 1500,
619,Roadmaster,
620,Prizm,
621,,
622,,
623,,
624,CL-Class,
625,Altima,Nissan
626,,
627,,
628,Accord,
629,Altima,
630,,Chevrolet
631,Daewoo Magnus,
632,Cooper,
633,,
634,GTO,
635,Rogue,
636,,
637,EX,
638,,
639,,
640,Savana 2500,
641,,
642,Tiburon,
643,940,
644,,Mazda
645,,
646,Eurovan,
647,Avalon,Toyota
648,Savana 1500,
649,,
650,,
651,,
652,Cabriolet,Volkswagen
653,,
654,4Runner,
655,,
656,X5,BMW
657,,
658,MDX,Acura
659,,Mercury
660,,
661,,Mazda
662,Dakota Club,
663,Ram 2500,
664,599 GTB Fiorano,Ferrari
665,Lancer Evolution,
666,,
667,,
668,Econoline E150,
669,,
670,Five Hundred,
671,Landaulet,Maybach
672,,Plymouth
673,Malibu,
674,,
675,,
676,,
677,Aurora,Oldsmobile
678,Cabriolet,
679,XC70,
680,,
681,,BMW
682,Tahoe,
683,,
684,,
685,,
686,MX-3,Mazda
687,Eclipse,
688,Thunderbird,Ford
689,,
690,Matrix,
691,,
692,Diablo,
693,,
694,MKZ,
695,,
696,Integra,
697,,
698,,
699,XJ Series,Jaguar
700,Camry,
701,,Mercedes-Benz
702,,
703,Veracruz,
704,745,BMW
705,,
706,,Mazda
707,Swift,
708,,
709,,
710,Esprit Turbo,Lotus
711,,Maybach
712,,
713,,
714,,Pontiac
715,,
716,,
717,Laser,
718,TSX,
719,Astro,
720,Avalon,
721,,
722,Elantra,Hyundai
723,,Mazda
724,,Chevrolet
725,,
726,,Hyundai
727,,
728,Swift,
729,,Volkswagen
730,,
731,,BMW
732,,
733,944,Porsche
734,,Suzuki
735,Q,
736,Swift,
737,,
738,,
739,SX4,
740,,
741,,
742,Yukon XL 1500,GMC
743,,
744,,BMW
745,612 Scaglietti,
746,Terraza,
747,,
748,Santa Fe,Hyundai
749,,
750,3 Series,
751,,
752,Cayenne,Porsche
753,,
754,CR-X,Honda
755,Starion,
756,Prius,Toyota
757,,
758,,
759,,Toyota
760,,
761,Ram 2500,
762,Civic,Honda
763,,
764,Vitara,
765,,Mazda
766,Passat,
767,,
768,Quest,Nissan
769,,
770,ES,
771,,
772,,
773,Silverado 2500,
774,,
775,Explorer Sport,
776,Aerostar,Ford
777,,
778,Explorer,
779,,
780,,
781,CTS,
782,Topaz,Mercury
783,MX-3,
784,,
785,SLX,
786,,
787,,
788,,
789,Civic,
790,X5 M,
791,M3,
792,,
793,,
794,,Mazda
795,Impreza,
796,Swift,Suzuki
797,,
798,,
799,Lancer Evolution,
800,,
801,,Ford
802,Bonneville,
803,,Toyota
804,,
805,Passat,
806,,Dodge
807,,Ford
808,,
809,SLS AMG,
810,Altima,Nissan
811,Jetta,
812,,
813,,
814,,Saab
815,Rogue,
816,,
817,,Nissan
818,LS,
819,,
820,E-Series,
821,,Mitsubishi
822,,
823,Grand Marquis,
824,,Buick
825,,
826,Swift,
827,,
828,,
829,Titan,Nissan
830,,
831,,Dodge
832,S4,
833,,
834,Sable,Mercury
835,,
836,XC90,
837,,
838,Explorer,
839,,Pontiac
840,,
841,Savana 1500,
842,Ram 3500,
843,B-Series,
844,,
845,E250,
846,Thunderbird,
847,,Mitsubishi
848,,
849,Grand Marquis,
850,Mustang,
851,,Suzuki
852,,
853,NSX,
854,Frontier,
855,370Z,
856,,
857,,
858,Tribeca,
859,,BMW
860,,
861,,
862,V8,
863,,
864,,Land Rover
865,F350,
866,Ram 1500 Club,Dodge
867,,
868,Grand Prix,
869,Lancer,
870,,
871,9000,
872,Suburban,
873,Daytona,
874,Mustang,
875,,
876,Range Rover,Land Rover
877,G-Series 2500,
878,,
879,,Geo
880,300ZX,
881,,
882,Spyder,
883,,
884,Savana 2500,
885,,
886,,
887,MPV,
888,,
889,,
890,Virage,Aston Martin
891,,
892,,
893,,
894,,Pontiac
895,Vantage,Aston Martin
896,Roadmaster,
897,,
898,Montero,Mitsubishi
899,LeSabre,
900,,
901,Caravan,
902,MPV,
903,,Audi
904,,Dodge
905,,
906,3500 Club Coupe,
907,Corvette,Chevrolet
908,Outlander,
909,,
910,,
911,Canyon,GMC
912,,
913,,
914,,
915,,Nissan
916,Safari,GMC
917,,
918,626,
919,Econoline E250,
920,,Volkswagen
921,,
922,LS,Lincoln
923,,
924,,
925,1500 Club Coupe,
926,,
927,,
928,,
929,Sportvan G20,
930,,Volkswagen
931,,
932,,Saab
933,GT500,Shelby
934,H2,Hummer
935,Expedition,
936,,Chevrolet
937,NSX,
938,rio,Volkswagen
939,,Land Rover
940,Bravada,Oldsmobile
941,,Bentley
942,,
943,,
944,,Audi
945,G8,
946,CL-Class,Mercedes-Benz
947,,
948,,
949,Expedition,Ford
950,Escort,Ford
951,Canyon,GMC
952,rio,
953,,Honda
954,,Mazda
955,Solara,
956,,Mitsubishi
957,Sportage,
958,Mustang,
959,,
960,530,
961,Grand Prix,
962,,
963,Outlander,
964,,
965,Tahoe,
966,,
967,,
968,rio,
969,Grand Marquis,Mercury
970,,
971,,
972,,
973,,
974,IPL G,
975,Ramcharger,
976,,Pontiac
977,,
978,,
979,Cabriolet,
980,,
981,Aerostar,
982,XG350,
983,,
984,,
985,,
986,E150,
987,,
988,xB,
989,,
990,Accent,Hyundai
991,,
992,,Mitsubishi
993,,Chrysler
994,,
995,,Chevrolet
996,,
997,7 Series,BMW
998,Elantra,Hyundai
999,B-Series,
1000,Legacy,
