id,name,state
1,Fields,KL
2,Shannah,DL
3,Augusto,TN
4,Lea,KL
5,Cletis,TN
6,Dido,TN
7,Fedora,DL
8,Gustavo,TN
9,Bastien,DL
10,Beryle,DL
11,Cole,KL
12,Abie,KL
13,Ric,DL
14,Philippe,TN
15,Josey,DL
16,Blayne,TN
17,Derron,KL
18,Umeko,KL
19,Issy,DL
20,Amalia,TN
21,Jeanine,DL
22,Audry,TN
23,Averill,TN
24,Lillis,DL
25,Kelby,TN
26,Silvana,DL
27,Sisely,DL
28,Chane,KL
29,Hans,KL
30,Kitty,KL
31,Trix,TN
32,Almeda,DL
33,Aila,TN
34,Cordelia,DL
35,Clemmy,DL
36,Emmeline,KL
37,Malynda,DL
38,Laurianne,KL
39,Donnamarie,DL
40,Jarrett,KL
41,Brendin,TN
42,Odelia,KL
43,Vernon,TN
44,Francisco,DL
45,Jakie,DL
46,Wilhelmine,KL
47,Terrence,KL
48,Pearce,KL
49,Vickie,DL
50,Celinda,KL
51,Ludvig,KL
52,Jewell,TN
53,Alia,DL
54,Josselyn,DL
55,Melesa,KL
56,Lodovico,TN
57,Andris,TN
58,Raul,DL
59,Zara,TN
60,Mayne,KL
61,Fonz,DL
62,Livia,DL
63,Allix,DL
64,Sauveur,TN
65,Hanson,DL
66,Aubry,TN
67,Cecilla,TN
68,Rod,DL
69,Guthry,DL
70,Tanner,DL
71,Horatia,KL
72,Shandra,KL
73,Jewell,KL
74,Mallory,KL
75,Gabey,KL
76,Gerhardt,TN
77,Salomon,DL
78,Creighton,DL
79,Liam,KL
80,Verina,DL
81,Hanna,KL
82,Pablo,TN
83,Jard,KL
84,Marni,KL
85,Othello,TN
86,Ignaz,DL
87,Trude,DL
88,Clotilda,TN
89,Brandyn,DL
90,Jaclin,KL
91,Bobbe,KL
92,Tomi,KL
93,Drusie,TN
94,Parsifal,DL
95,Mara,TN
96,Nevin,DL
97,Reg,KL
98,Parnell,KL
99,Keefe,TN
100,Emera,KL
