emp_id,emp_name,dept_id
1,Bel,2
2,Thornie,1
3,Chris,2
4,Aloysia,2
5,Dorena,5
6,Gail,5
7,Ardyth,1
8,Skipper,5
9,Katey,5
10,Emanuel,5
11,Concordia,2
12,Hayyim,2
13,Wheeler,1
14,Jobey,2
15,Zelig,1
16,Giorgia,5
17,Erinna,1
18,Patricia,5
19,Rutter,1
20,Zuzana,1
21,Elliott,5
22,Lizzie,5
23,Mervin,5
24,Tuck,5
25,Gottfried,2
26,Timi,2
27,Rikki,2
28,Damon,1
29,Kylila,5
30,Jabez,1
31,Hollis,1
32,Yves,2
33,Sarajane,1
34,Arlie,1
35,Peg,2
36,Andriana,2
37,Alisun,2
38,Sianna,5
39,Tommy,5
40,Zebulon,5
41,Shara,5
42,Yoko,5
43,Noell,1
44,Vernor,5
45,Darwin,5
46,Caty,1
47,Dee,1
48,Missy,2
49,Raquela,1
50,Arny,5
51,Samantha,1
52,Flinn,2
53,Bobbie,2
54,Virge,5
55,Wanids,5
56,Fredra,1
57,Jorgan,2
58,Alvera,5
59,Lola,2
60,Moshe,2
61,Romain,1
62,Irv,5
63,Clareta,5
64,Lettie,1
65,Karole,1
66,Bran,1
67,Leroi,5
68,Jesse,1
69,Dennie,1
70,Ahmad,1
71,Barr,1
72,Lib,1
73,Creighton,1
74,Imogen,1
75,Homerus,5
76,Lothario,1
77,Zorine,5
78,Yalonda,5
79,Padriac,2
80,Blanch,2
81,Karina,2
82,Marie-jeanne,5
83,Ody,1
84,Shirl,2
85,Tades,5
86,Seamus,1
87,Katherine,2
88,Tamas,5
89,Germain,2
90,Melvin,1
91,Noel,2
92,Herbie,5
93,Crissy,5
94,Lari,5
95,Arney,2
96,Dorolisa,2
97,Marcel,1
98,Junie,1
99,Hildegarde,2
100,Deena,5
101,Uri,5
102,Lauryn,5
103,Andrea,2
104,Janette,1
105,Pia,2
106,Igor,2
107,Libbi,1
108,Bruce,1
109,Courtnay,5
110,Essy,1
111,Oran,5
112,Elroy,2
113,Georgie,1
114,Kelsey,5
115,Staci,1
116,Tania,5
117,Willetta,5
118,Eunice,2
119,Garfield,2
120,Phip,2
121,Devinne,5
122,Willie,5
123,Anastasie,1
124,Corny,1
125,Enrique,2
126,Coretta,5
127,Odetta,2
128,Orren,5
129,Farrah,1
130,Ollie,5
131,Chevalier,2
132,Chrysa,1
133,Horst,5
134,Kaye,1
135,Ronni,2
136,Tybie,1
137,Jammie,5
138,Stanly,1
139,Alix,1
140,Tessa,1
141,Niki,2
142,Keith,5
143,Aida,5
144,Clemente,5
145,Marci,5
146,Judy,5
147,Magdaia,1
148,Zulema,2
149,Dion,1
150,Franciska,5
151,Lavina,5
152,Gery,1
153,Selig,2
154,Laird,2
155,Karylin,2
156,Antonetta,1
157,Ric,5
158,Archibaldo,5
159,Georgette,5
160,Nathalie,1
161,Penny,2
162,Dayle,1
163,Georgina,1
164,Sheila,1
165,Jelene,2
166,Barbi,5
167,Danyette,2
168,Tanner,1
169,Goldie,2
170,Corissa,5
171,Amabel,1
172,Lilla,2
173,Ben,2
174,Lawry,2
175,Karel,1
176,Mathew,5
177,Cyndia,2
178,Crystal,1
179,Lay,5
180,Sarine,2
181,Angel,1
182,Fredericka,2
183,Kendall,1
184,Halli,1
185,Shannon,2
186,Margy,2
187,Randall,5
188,Tomasina,2
189,Phaidra,5
190,Camella,5
191,Kassey,5
192,Ben,2
193,Christyna,5
194,Gearalt,1
195,Erin,5
196,Manuel,1
197,Murray,1
198,Farand,1
199,Noel,2
200,Celina,2
201,Winn,5
202,Lonna,2
203,Ofella,5
204,Drucill,2
205,Alexander,1
206,Pamelina,5
207,Danni,1
208,Adolpho,5
209,Emily,5
210,Dre,1
211,Blanch,5
212,Kathryn,2
213,Wyatan,5
214,Tye,2
215,Jeromy,5
216,Tiphani,5
217,Ray,5
218,Freemon,1
219,Dermot,5
220,Sallee,1
221,Joanne,2
222,Fidel,1
223,Milli,1
224,Anabal,1
225,Ethelda,2
226,Beatrice,1
227,Timothy,2
228,Carey,5
229,Kean,2
230,Bettine,1
231,Terrel,5
232,Malva,5
233,Emmey,1
234,Olive,5
235,Inger,5
236,Barbaraanne,2
237,Lorie,2
238,Derrik,5
239,Sly,1
240,Toni,1
241,Eugenius,1
242,Sophey,5
243,Grover,1
244,Karlene,2
245,Sully,1
246,Dewie,1
247,Lyon,5
248,Britta,5
249,Rina,1
250,Frannie,1
251,Elyssa,5
252,Berky,2
253,Tammy,1
254,Janaya,5
255,Bonnie,2
256,Obed,5
257,Carlyle,5
258,Horten,2
259,Rip,1
260,Sandra,5
261,Elsinore,1
262,Husain,2
263,Keelia,1
264,Jinny,5
265,Ripley,2
266,Zola,5
267,Armando,5
268,Serena,1
269,Erinn,1
270,Amaleta,1
271,Ysabel,1
272,Garfield,5
273,Mohammed,1
274,Raul,2
275,Alli,5
276,Ted,5
277,Floria,1
278,Kalindi,5
279,Rollie,5
280,Mag,1
281,Duke,2
282,Teresita,5
283,Kippy,2
284,Bobbi,2
285,Lorens,5
286,Bride,1
287,Fredi,2
288,Leif,2
289,Cesare,2
290,Anthe,5
291,Dacie,2
292,Rivi,5
293,Valencia,5
294,Lorene,5
295,Eada,1
296,Evaleen,2
297,Aleksandr,2
298,Cecilio,1
299,Timothy,1
300,Sisile,1
301,Alice,1
302,Abbi,5
303,Lanita,1
304,Bobbie,5
305,Ursula,5
306,Byron,2
307,Lanae,1
308,Quintus,5
309,Madison,2
310,Brose,2
311,Sile,1
312,Zollie,2
313,Haroun,5
314,Lenard,5
315,Noel,2
316,Garwin,2
317,Hettie,5
318,Queenie,5
319,Teodora,5
320,Doralynne,2
321,Susana,1
322,Orton,5
323,Deni,2
324,Dreddy,5
325,Baxie,2
326,Dixie,2
327,Jenica,2
328,Barrie,1
329,Allin,2
330,Weider,1
331,Margot,5
332,Normand,5
333,Geoffry,2
334,Kinny,5
335,Christina,2
336,Serge,2
337,Whitney,5
338,Adah,2
339,Ninnetta,5
340,Kyrstin,5
341,Gustie,5
342,Cherry,1
343,Urbano,5
344,Krissy,1
345,Fabio,2
346,Deny,5
347,Cello,5
348,Janie,5
349,Bernice,5
350,Charmion,5
351,Perl,5
352,Kendricks,2
353,Linc,2
354,Ezechiel,1
355,Rafferty,1
356,Jamie,1
357,Berkly,5
358,Willyt,2
359,Manuel,2
360,Gaelan,5
361,Ferrel,5
362,Stanislas,5
363,Melly,1
364,Mitzi,2
365,Lew,1
366,Alethea,5
367,Lynelle,5
368,Karlik,1
369,Harlen,1
370,Fancy,5
371,Willy,5
372,Lynett,2
373,Jere,2
374,Wyn,2
375,Sigfried,2
376,Vallie,1
377,Cathe,2
378,Bellina,1
379,Marleah,2
380,Gabriella,1
381,Leon,2
382,Avrom,1
383,Oliy,2
384,Cyrill,1
385,Aleece,1
386,Ibby,1
387,Deb,1
388,Tamarra,5
389,Timi,5
390,Tiffy,2
391,Hedvig,2
392,Ruy,1
393,Nariko,1
394,Puff,2
395,Rachelle,5
396,Allene,1
397,Saundra,5
398,Ingamar,5
399,Katrine,5
400,Kaela,5
401,Cyndy,5
402,Nonah,1
403,Arleyne,5
404,Fransisco,5
405,Clayson,2
406,Barbra,2
407,Frederik,2
408,Jonas,2
409,Jayme,2
410,Robena,2
411,Fabio,1
412,Georgeanne,1
413,Taite,2
414,Isobel,1
415,Mack,1
416,Vivien,5
417,Sydney,1
418,Anitra,1
419,Blithe,1
420,Rory,5
421,Hyman,5
422,Pasquale,5
423,Jacenta,2
424,Curran,2
425,Raul,1
426,Hilary,5
427,Darlleen,5
428,Glenn,5
429,Mitchael,2
430,Janie,5
431,Atalanta,5
432,Pandora,5
433,Gae,1
434,Carlin,1
435,Faun,2
436,Tine,5
437,Charil,1
438,Cristy,2
439,Natal,5
440,Beale,2
441,Kiersten,2
442,Stern,2
443,Adina,2
444,Innis,5
445,Wileen,5
446,Dallis,1
447,Lyssa,1
448,Rozele,1
449,Keely,2
450,Janey,5
451,Pollyanna,5
452,Shanna,2
453,Barris,5
454,Neal,2
455,Jarad,2
456,Elijah,1
457,Lavena,5
458,Beverley,1
459,Cindra,1
460,Gustavus,2
461,Meggi,2
462,Caresse,5
463,Tabbi,2
464,Devland,2
465,Cara,1
466,Lila,1
467,Paula,1
468,Olivier,5
469,Liam,5
470,Pooh,1
471,Dorey,1
472,Frank,5
473,Maurita,2
474,Marten,5
475,Robyn,2
476,Deanna,2
477,Harrie,2
478,Ben,1
479,Clarissa,2
480,Krystle,5
481,Jasmine,2
482,Lanette,2
483,Barbabra,5
484,Allen,5
485,Michaella,1
486,Tim,5
487,Sadie,2
488,Maribelle,2
489,Elana,5
490,Sophey,1
491,Tyrus,5
492,Loria,1
493,Bernardina,5
494,Jacintha,5
495,Rodolph,1
496,Evered,2
497,Karney,1
498,Goldy,5
499,Lauri,1
500,Faythe,2
501,Erik,2
502,Ed,1
503,Moritz,2
504,Courtnay,5
505,Delila,5
506,Elvin,1
507,Gawain,5
508,Coretta,1
509,Granville,1
510,Gabbie,1
511,Lorita,1
512,Janina,1
513,Karlee,1
514,Chester,1
515,Kalindi,2
516,Mathian,5
517,Anthea,1
518,Blakelee,1
519,Arthur,1
520,Evelyn,2
521,Tildy,2
522,Hilton,2
523,Zsa zsa,5
524,Damaris,5
525,Bill,5
526,Ingemar,1
527,Gray,2
528,Abbot,2
529,Piotr,5
530,Quent,5
531,Avie,5
532,Adiana,1
533,Silvan,2
534,Caresa,1
535,Reginald,5
536,Sal,5
537,Lockwood,1
538,Farley,1
539,Netta,1
540,Sukey,5
541,Hunt,1
542,Hedvige,1
543,Willi,1
544,Roldan,1
545,Celesta,2
546,Skippie,2
547,Jeannie,5
548,Vinita,2
549,Ardisj,1
550,Erwin,1
551,Clarabelle,1
552,Clarinda,1
553,Blithe,1
554,Dian,5
555,Elsey,5
556,Lynette,2
557,Susanna,1
558,Evelin,1
559,Clarinda,5
560,Shawn,5
561,Lorant,1
562,Jolie,5
563,Cornie,5
564,Thelma,1
565,Timmie,2
566,Colan,5
567,Hercules,2
568,Maryjane,2
569,Tiphany,1
570,Levy,2
571,Kirbee,1
572,Cele,2
573,Cecil,2
574,Rutledge,5
575,Jedidiah,2
576,Danna,5
577,Margareta,2
578,Modestine,1
579,Ebeneser,2
580,Donnie,2
581,Benoit,1
582,Chad,2
583,Hardy,5
584,Mattie,2
585,Giselle,1
586,Clemmie,5
587,Christie,2
588,Sergeant,2
589,Hilliary,2
590,Elwira,5
591,Correy,1
592,Taber,1
593,Thomasine,1
594,Bernard,1
595,Creighton,5
596,Joeann,2
597,Gertruda,2
598,Taber,2
599,Murial,1
600,Malory,2
601,Milton,2
602,Killian,2
603,Keslie,5
604,Jammie,2
605,Alano,5
606,Ilyse,2
607,Mohandis,5
608,Noami,1
609,Vincenty,2
610,Georgeanna,2
611,Gerianna,2
612,Corabel,2
613,Minnnie,1
614,Madonna,1
615,Fiann,2
616,Dorise,5
617,Tedda,1
618,Nikkie,5
619,Doralynne,1
620,Pippy,1
621,Jillayne,5
622,Clo,2
623,Allie,1
624,Gunter,5
625,Herold,1
626,Trude,2
627,Sandor,2
628,Kenon,1
629,Aila,5
630,Alvina,2
631,Cash,1
632,Gery,2
633,Larisa,5
634,Anselm,1
635,Diann,5
636,Ole,2
637,Ave,5
638,Thomasine,5
639,Ronda,2
640,Jany,1
641,George,2
642,Doralin,1
643,Mack,1
644,Clarey,5
645,Briney,1
646,Marjory,1
647,Simone,1
648,Zulema,2
649,Sylvia,2
650,Berenice,5
651,Clare,5
652,Sammy,1
653,Zaccaria,1
654,Marsh,1
655,Panchito,1
656,Riley,1
657,Birk,5
658,Jonah,5
659,Clarette,5
660,Sibilla,2
661,Ofelia,5
662,Rosalynd,2
663,Marguerite,2
664,Jonas,2
665,Myca,2
666,Esra,5
667,Celia,2
668,Lem,2
669,Adaline,5
670,Cesaro,2
671,Florrie,1
672,Nara,5
673,Margalo,2
674,Ansel,2
675,Georgiana,5
676,Frederich,1
677,Karlis,1
678,Palm,2
679,Dorothee,5
680,Larissa,1
681,Phineas,1
682,Kalli,5
683,Brinn,2
684,Brock,5
685,Moyra,1
686,Hyatt,2
687,Arley,2
688,Stuart,5
689,Maure,1
690,Rhodia,1
691,Dario,1
692,Berna,5
693,Erhart,2
694,Berty,5
695,Hy,2
696,Yasmin,5
697,Dedra,2
698,Tabby,5
699,Freeland,1
700,Gwendolen,1
701,Hallsy,5
702,Gerhardine,1
703,Kanya,2
704,Myrna,1
705,Kaleena,5
706,Della,2
707,Elisabeth,2
708,Karoly,5
709,Konstantine,2
710,Cleavland,1
711,Veronika,2
712,Gil,5
713,Halley,2
714,Wilek,2
715,Salvador,2
716,Jemmie,2
717,Osmond,2
718,Gabriella,2
719,Cordi,5
720,Felicle,1
721,Heather,2
722,Prudy,1
723,Kali,5
724,Franciska,2
725,Windham,2
726,Ertha,5
727,Chrotoem,2
728,Jake,5
729,Abie,1
730,Leann,2
731,Cordelia,5
732,Tommy,5
733,Gauthier,5
734,Kaleb,5
735,Malvina,5
736,Darrin,5
737,Karine,1
738,Clovis,1
739,Andris,1
740,Budd,2
741,Stacee,2
742,Annabell,2
743,Lyman,2
744,Edwina,1
745,Trisha,5
746,Charmian,1
747,Michele,1
748,Krystalle,2
749,Abba,2
750,Elliott,5
751,Court,2
752,Raina,1
753,Joline,1
754,Forbes,1
755,Roland,5
756,Wilek,2
757,Tamera,5
758,Kendell,1
759,Noel,1
760,Ardine,5
761,Olav,5
762,Alfons,1
763,Salome,5
764,Kissie,1
765,Wain,5
766,Dacey,1
767,Brannon,1
768,Seymour,5
769,Olive,2
770,Maible,2
771,Cherlyn,2
772,Linoel,1
773,Shaun,2
774,Ronna,5
775,Reggis,1
776,Vivianna,1
777,Karisa,5
778,Gregoor,1
779,Herminia,2
780,Kynthia,1
781,Madelyn,2
782,Coleen,1
783,Free,2
784,Faun,5
785,Keely,5
786,Lalo,5
787,Dehlia,2
788,Chanda,1
789,Bernette,2
790,Alphonso,2
791,Ginelle,5
792,Terese,2
793,Jania,1
794,Estel,2
795,Terrie,1
796,Janifer,2
797,Gabriela,5
798,Mercy,1
799,Aristotle,2
800,Kania,1
801,Bealle,5
802,Anselma,5
803,Elsy,1
804,Coreen,1
805,Frayda,2
806,Brigitte,5
807,Kata,1
808,Cody,1
809,Skippie,5
810,Halie,2
811,Sebastian,5
812,Dorree,2
813,Bonnibelle,5
814,Frederique,2
815,Nady,5
816,Margie,5
817,Ursala,2
818,Sayres,2
819,Chance,5
820,Andie,1
821,Bambie,2
822,Ingmar,2
823,Rahel,1
824,Royall,2
825,Marietta,1
826,Margalo,2
827,Zondra,1
828,Al,5
829,Rhiamon,5
830,Jorry,1
831,Pepe,5
832,Nanny,2
833,Page,5
834,Janeta,5
835,Caron,1
836,Babette,5
837,Joachim,2
838,Ted,2
839,Rosana,2
840,Carny,1
841,Sallie,2
842,Shurlocke,1
843,Eugenia,5
844,Winny,5
845,Nanon,5
846,Gretal,1
847,Hermon,1
848,Carlie,1
849,Eldredge,1
850,Moishe,2
851,Lauren,5
852,Ritchie,2
853,Connie,1
854,Arabelle,2
855,Salomone,5
856,Pavel,2
857,Nancey,2
858,Daisi,5
859,Drucill,2
860,Sioux,2
861,Rochella,2
862,Britta,5
863,Paquito,5
864,Abie,5
865,Vikky,5
866,Lenna,1
867,Kimberley,5
868,Latisha,1
869,Nataniel,2
870,Micheal,2
871,Tonnie,1
872,Luise,2
873,Errol,2
874,Cathryn,1
875,Enoch,2
876,Delmor,2
877,Anatollo,1
878,Ellie,1
879,Anabal,2
880,Dionysus,1
881,Monica,1
882,Georgette,1
883,Carmencita,2
884,Ruthann,1
885,Bernette,1
886,Stafford,1
887,Chance,1
888,Wittie,1
889,Zorine,5
890,Mayer,5
891,Federico,1
892,Elvira,5
893,Carmen,1
894,Prissie,1
895,Carina,1
896,Gardie,2
897,Beatriz,1
898,Daisie,1
899,Gardner,1
900,Ilario,5
901,Jaclyn,5
902,Bucky,2
903,Alena,2
904,Cherise,1
905,Patsy,2
906,Cathrine,2
907,Tyne,5
908,Alvy,2
909,Sonya,1
910,Louie,1
911,Garrett,2
912,Dorette,2
913,Samantha,2
914,Liz,2
915,Ilise,2
916,Leah,5
917,Chloe,2
918,Sergei,2
919,Griz,1
920,Ninnette,1
921,Elizabeth,2
922,Enrica,2
923,Jens,5
924,Bank,2
925,Charlean,1
926,Ancell,1
927,Miner,5
928,Carole,5
929,Hyacinthe,2
930,Fabiano,2
931,Godfree,2
932,Justen,5
933,Sigvard,5
934,Sheff,2
935,Paulette,2
936,Demeter,1
937,Nils,1
938,Cobbie,2
939,Florence,1
940,Clare,1
941,Noelle,1
942,Lorne,2
943,Jammal,5
944,Sioux,2
945,Caron,2
946,Edward,1
947,Marya,1
948,Arthur,1
949,Desmund,2
950,Nananne,1
951,Nick,2
952,Prince,1
953,Sigismund,1
954,Jerrie,5
955,Tyrone,5
956,Hunfredo,5
957,Gabe,5
958,Gal,2
959,Gennifer,5
960,Augusta,1
961,Chelsea,5
962,Stefa,2
963,Erma,5
964,Hasty,5
965,Cirillo,1
966,Cordy,2
967,Sylvia,5
968,Blake,5
969,Isiahi,1
970,Faun,2
971,Skylar,5
972,Darill,1
973,Evyn,2
974,Jacquenetta,5
975,Vivien,1
976,Stephanus,1
977,Marcellina,5
978,Paloma,1
979,Letisha,2
980,Aylmar,2
981,Niel,5
982,Dinnie,2
983,Alick,1
984,Helli,5
985,Lambert,5
986,Alec,2
987,Roth,5
988,Maureene,5
989,Flossy,1
990,Hermy,5
991,Jerrold,2
992,Earlie,2
993,Rebeca,5
994,Thornton,1
995,Brianna,2
996,Lucian,5
997,Cecilio,2
998,Cornelle,5
999,Cecilius,1
1000,Johannes,1
