name,started
"Boehm, Volkman and Homenick",2022-08-06
Kshlerin Inc,2009-03-30
"Kreiger, Weber and Brakus",2005-06-07
Adams-Lowe,2013-02-16
O'Conner-Herman,2022-07-20
"Hoppe, Yundt and O'Reilly",2008-11-29
Hahn-Nader,2011-07-21
Stroman Group,2014-12-16
"Rippin, Lind and Johns",2004-08-01
"Sawayn, Lueilwitz and Lockman",2018-05-26
Koelpin-Leffler,2019-04-22
Pfeffer-Prosacco,2016-02-17
Anderson and Sons,2017-05-16
"Mitchell, Johnson and Braun",2001-07-09
Will Group,2008-07-22
"Stiedemann, Becker and Zboncak",2019-09-02
Krajcik LLC,2007-04-23
Kshlerin Inc,2008-04-15
Harris-Jacobs,2021-11-05
Friesen Inc,2019-02-11
Shanahan-Ledner,2010-10-04
"Williamson, Runolfsson and Jacobson",2003-05-25
Bode LLC,2008-01-08
Barrows LLC,2006-12-25
"Hegmann, Roob and Homenick",2022-09-22
Gaylord-Hermiston,2001-03-16
Mitchell Group,2004-04-27
Stoltenberg and Sons,2003-06-07
Sipes-Fritsch,2006-06-27
Kovacek and Sons,2005-07-28
Konopelski and Sons,2003-01-25
McCullough Group,2022-08-15
Torphy-Mohr,2015-03-30
Smitham-Hodkiewicz,2002-04-02
Kuhic-Erdman,2015-10-24
Von Inc,2022-09-01
"Adams, Bode and Pollich",2016-06-19
McDermott-Wintheiser,2022-06-26
Terry-Weimann,2020-05-18
Denesik-Dach,2020-03-25
Abernathy LLC,2003-04-10
"Simonis, Cummerata and Davis",2021-05-07
Hammes-Harber,2010-11-02
Okuneva LLC,2011-07-23
Hoppe Inc,2013-06-27
Lynch and Sons,2022-06-25
D'Amore Group,2006-07-06
Lehner and Sons,2015-12-13
Moen-Heathcote,2003-03-01
"Hayes, Beatty and Schmeler",2018-06-12
Crist-Gleason,2014-07-13
"Rempel, Gleason and Davis",2010-06-24
Sawayn Inc,2007-03-20
Parisian-Auer,2013-09-10
Grant and Sons,2005-09-15
Wehner-Batz,2016-08-31
Jaskolski-Casper,2018-08-26
Schneider-Schumm,2008-06-23
"Cole, Spinka and Legros",2011-02-11
Labadie Inc,2021-10-20
Gerhold LLC,2005-01-06
Skiles Inc,2005-10-25
"Rohan, Kautzer and Schmitt",2013-06-09
Reichel-McCullough,2001-07-26
Gutmann-Rau,2011-12-26
Beer and Sons,2020-06-24
Cole-Padberg,2006-03-11
Farrell Group,2004-04-06
Ankunding LLC,2005-12-24
"Green, Larson and Wiegand",2010-06-05
Feil-Jerde,2004-02-05
"Bogisich, Runolfsdottir and Cummerata",2019-03-24
Murray Group,2007-06-17
Koelpin Group,2016-04-24
"Hermiston, O'Reilly and Adams",2019-03-30
Haag and Sons,2007-12-24
"Kiehn, Harber and Kohler",2022-06-16
Lubowitz LLC,2022-10-16
Rath Inc,2017-09-24
Tremblay-Schmidt,2002-10-20
Frami LLC,2016-09-12
Kertzmann and Sons,2006-06-30
"Cormier, Mohr and Raynor",2004-09-24
Deckow-Ledner,2006-02-01
"Hessel, McCullough and Cremin",2007-03-04
"Glover, Stiedemann and Hahn",2020-07-10
Stokes-Cummings,2007-07-16
Hayes Group,2001-01-28
Carter-Brekke,2013-04-21
"Lebsack, Wuckert and Legros",2012-03-08
Medhurst LLC,2014-07-20
Weimann-Leffler,2021-05-22
Willms-Kemmer,2006-05-26
Kerluke Group,2022-04-30
Satterfield LLC,2008-12-11
Auer Inc,2010-12-10
Dietrich Group,2021-05-15
Romaguera and Sons,2000-11-20
Kris-Hartmann,2020-06-20
Moen-Jast,2018-08-11
Hills-Cormier,2006-03-23
"Gibson, Gaylord and Romaguera",2019-10-15
Baumbach-Frami,2017-06-22
Beahan-Daniel,2005-06-18
"Towne, Huel and Lang",2010-06-12
Rath Inc,2003-12-11
Hermiston and Sons,2017-01-15
Fahey-Marvin,2020-04-30
Marvin-DuBuque,2015-12-27
Carter-Dach,2010-10-13
Champlin Group,2007-05-24
"Rohan, Kerluke and Hauck",2006-04-12
McLaughlin Group,2014-05-19
Leannon-Hoppe,2010-02-15
"Tromp, Stark and Gibson",2009-05-09
Mante LLC,2021-05-07
Bergstrom Group,2001-03-05
Greenfelder Group,2008-03-16
"Bahringer, Wilkinson and McGlynn",2011-12-06
"Dach, Hane and Weimann",2021-11-07
Sanford-Simonis,2006-06-02
Thiel Group,2013-03-15
Franecki Inc,2005-04-10
Jerde Group,2011-04-25
Deckow-Roob,2002-03-09
"Bogisich, Schulist and Jones",2017-04-25
"Zboncak, Mueller and Turner",2019-01-10
"Aufderhar, Cartwright and Turner",2001-08-03
Morar-Russel,2004-01-29
Breitenberg LLC,2017-11-04
Rolfson-Stanton,2003-05-03
Robel-Upton,2011-09-14
"Moore, Champlin and Schumm",2006-09-16
Price Group,2011-02-01
"Hodkiewicz, Friesen and Beier",2004-08-13
"Wintheiser, Batz and Rohan",2012-12-15
Goyette-Wilkinson,2011-09-26
Bauch LLC,2017-05-14
"Kuhlman, Treutel and Pouros",2002-10-15
"Price, Waelchi and Bruen",2021-08-19
Bartell-Thiel,2010-06-29
Mosciski Inc,2017-03-26
"Stroman, Powlowski and Donnelly",2005-11-26
Klein Inc,2021-02-04
"Dach, Casper and Bogan",2021-08-21
"Armstrong, Sipes and Ward",2007-03-16
Wolff-Balistreri,2010-05-20
"Osinski, Cormier and Hermiston",2001-03-30
Ritchie-Weber,2007-12-04
"Batz, McKenzie and Quigley",2015-08-01
Gutkowski-Prosacco,2017-06-07
"Konopelski, Kerluke and Koch",2017-09-21
"Blanda, Farrell and Pouros",2021-07-21
Batz-Hayes,2017-02-05
"Botsford, Mueller and Kassulke",2013-10-22
"Connelly, Bechtelar and Langosh",2004-10-18
"Walsh, Wintheiser and Bergnaum",2004-02-04
Zemlak-Hand,2017-01-07
"Zemlak, Gerhold and Toy",2002-01-26
Walter-Kuvalis,2006-07-05
Langworth-Hayes,2016-03-23
Schmeler-Hudson,2002-07-01
"McKenzie, Schumm and Swift",2013-12-11
"Ondricka, Durgan and Senger",2012-09-01
"Flatley, Gulgowski and Kiehn",2019-10-23
Larson-Hamill,2017-01-25
Wolf Group,2020-09-08
"Jacobi, Breitenberg and Volkman",2016-09-13
Volkman-Schaden,2011-11-07
Moen LLC,2016-12-07
Morar Inc,2006-11-17
Hilpert LLC,2005-03-23
"Osinski, Cassin and Veum",2021-02-11
Hauck-Stanton,2017-12-30
"Shanahan, Gleichner and Kozey",2015-07-19
"Dooley, Kreiger and Bogan",2014-05-18
Haley-Heathcote,2011-06-17
Tromp-Mitchell,2014-10-02
Johnson-Considine,2016-06-18
"Cole, Schulist and Crooks",2007-12-03
"O'Keefe, Schmidt and Moore",2005-05-14
Cartwright LLC,2022-04-03
Kovacek-Schmidt,2007-02-18
Boehm-Dietrich,2008-12-03
"Grant, Ernser and Berge",2007-12-01
Trantow-Renner,2007-05-18
"Bode, Breitenberg and Goyette",2008-08-04
Weimann-Considine,2018-01-03
"Sauer, Hammes and Cruickshank",2004-05-08
"Hahn, Hessel and Koepp",2022-02-14
Rohan-Harris,2010-02-07
Senger Inc,2012-11-26
Jerde-Bartoletti,2015-06-28
Bernier and Sons,2002-01-11
Kuhlman-Sipes,2013-12-12
Pacocha Group,2010-05-19
Moen-Lang,2004-09-26
Hilpert-Fisher,2020-01-09
Lang LLC,2003-08-07
Langosh-Bradtke,2020-10-01
Luettgen LLC,2017-03-24
Koepp and Sons,2018-08-16
Walker Group,2012-01-20
Dicki and Sons,2006-04-24
"Bogisich, Robel and Herman",2010-02-14
"Trantow, Green and Murazik",2021-12-31
Gerlach Inc,2001-12-16
"Schaefer, Wuckert and Leannon",2009-08-18
Stiedemann Inc,2021-05-09
Cronin-Ritchie,2011-02-27
Gusikowski-Lynch,2015-05-15
"Watsica, Nikolaus and Gutmann",2012-09-22
Harvey Group,2010-09-20
Frami-Feest,2003-03-07
Conroy-Harris,2017-03-29
"Gaylord, Schowalter and Collier",2019-07-04
"Wehner, Swaniawski and Rice",2020-02-13
Kling-Stiedemann,2006-12-31
Herzog LLC,2018-05-23
Brakus-Kuhic,2008-12-16
Dooley-Larson,2019-02-12
Russel Group,2014-06-25
Champlin Group,2019-08-03
Hickle and Sons,2004-02-07
"Brown, Kertzmann and Mayer",2001-03-09
Crona and Sons,2014-02-07
Ebert Inc,2015-05-26
Mante and Sons,2003-09-06
"Shanahan, Feest and Kuphal",2004-08-02
Hamill Inc,2016-01-29
Turner Inc,2019-01-26
"Kub, DuBuque and Krajcik",2008-11-21
Langworth LLC,2008-01-29
"Cole, Nikolaus and Morissette",2005-02-23
Gibson Group,2013-11-06
Collier LLC,2016-11-19
Weimann-Harvey,2017-03-08
Kemmer LLC,2009-08-11
Stroman-Blanda,2011-04-14
Ratke-Murazik,2016-02-13
Luettgen-Schroeder,2022-02-03
Berge and Sons,2014-09-02
Maggio Group,2004-08-14
"Jerde, Jacobson and Luettgen",2019-10-02
Hand-Weissnat,2003-01-29
Weissnat-Little,2019-06-26
Carter and Sons,2006-12-30
Dibbert-Boyer,2007-07-24
"Hoeger, Parker and Hackett",2010-03-07
Feil Inc,2001-09-09
Beier LLC,2017-08-09
Walsh-Von,2017-10-11
"Beer, Lemke and Hirthe",2011-11-07
"Lowe, Metz and Lakin",2006-04-18
Spencer-Schowalter,2015-05-26
Cassin-Kohler,2007-07-12
Lockman LLC,2013-08-10
Bosco and Sons,2014-11-05
McClure Group,2003-02-20
"Zboncak, Beer and Feil",2021-10-07
Tillman Group,2014-12-24
Weber-Kulas,2003-05-15
Brekke-Cole,2006-12-03
Connelly Inc,2017-12-25
Wehner LLC,2003-02-26
"Schroeder, Dickinson and Harris",2006-08-17
Carroll Group,2019-12-26
Thompson-Powlowski,2017-04-20
"Jacobs, Kuhic and O'Keefe",2018-08-11
Bayer-Breitenberg,2002-06-29
Doyle Group,2012-05-21
"Pfeffer, Schoen and Emard",2001-12-17
Abernathy-Koelpin,2002-04-03
Schuster-Heaney,2009-12-11
"Stroman, Satterfield and Balistreri",2019-05-17
Doyle Group,2016-10-09
Sauer Inc,2013-02-12
Christiansen-Streich,2019-10-20
Wolf Group,2004-02-02
"Kunde, O'Kon and Spinka",2002-04-16
"Rodriguez, Pagac and Dare",2011-10-22
Lindgren Inc,2007-07-12
"Harvey, Lesch and Block",2020-11-24
Bradtke Inc,2001-11-23
"Olson, Powlowski and Price",2006-02-14
"Howe, Fay and Hettinger",2002-01-24
Ankunding and Sons,2010-08-08
"Gibson, Kub and Thompson",2004-04-01
Kreiger-Schimmel,2004-12-24
Bednar Inc,2009-08-31
Toy and Sons,2013-12-05
Jaskolski Inc,2017-03-13
Jenkins-Rodriguez,2001-05-15
Rosenbaum-Rolfson,2020-10-27
"Littel, O'Kon and Watsica",2012-11-17
Halvorson Inc,2008-08-11
"Herman, Wilderman and Beier",2016-09-09
"Kilback, Pollich and Goodwin",2016-02-20
"Wisozk, Hamill and Wehner",2012-05-01
"Gulgowski, Luettgen and Gleichner",2007-07-08
"Marquardt, Auer and Spinka",2021-06-23
Rath and Sons,2004-05-02
Spinka-Rempel,2005-05-04
Gleichner LLC,2017-08-12
Howe Group,2019-02-08
Rogahn-Waters,2016-04-06
"Corkery, Bosco and MacGyver",2015-09-11
Jacobi-Ruecker,2005-04-06
Little and Sons,2007-08-20
Trantow-Mohr,2012-09-09
Larson-Reynolds,2017-08-03
Spencer-Lindgren,2018-03-22
Keebler-O'Keefe,2006-08-15
"Armstrong, Gibson and Bechtelar",2008-11-06
McCullough Group,2005-11-14
Marks Inc,2006-02-21
Brekke-Crona,2020-03-02
Funk LLC,2007-10-04
"Marvin, Hermiston and Funk",2006-02-26
Hills and Sons,2020-04-06
"Senger, Morar and Tromp",2016-11-06
Huel and Sons,2017-06-08
"Johns, Trantow and Schuster",2003-04-16
"Mueller, Medhurst and Cronin",2012-11-07
Fay-Bradtke,2001-08-14
Pfeffer-Kessler,2003-11-09
Schumm Group,2013-11-13
"Abbott, Carter and Rolfson",2010-12-25
Davis Inc,2012-03-05
Wyman-Smith,2012-07-11
"Christiansen, Stroman and Wolff",2021-12-09
"Kihn, Leuschke and Ferry",2001-01-30
Johnston Group,2017-11-28
Kozey Inc,2004-09-24
Bradtke-Hand,2014-09-09
Lesch Group,2020-03-06
"Kuvalis, Flatley and Macejkovic",2002-09-30
Batz and Sons,2010-06-09
Becker LLC,2001-04-04
"Dietrich, Boyle and Klocko",2005-09-10
Zieme Group,2011-02-09
Kozey-Corkery,2007-11-15
"Cassin, Nitzsche and Brakus",2005-09-12
Haley LLC,2019-02-24
Altenwerth Group,2012-08-03
Robel-Mayer,2017-05-08
Waelchi-Rodriguez,2001-11-30
Howe-Strosin,2007-10-20
"Schinner, Hickle and Gerlach",2012-07-26
Zieme Group,2003-05-26
Hyatt-Mosciski,2007-05-09
Thiel-D'Amore,2021-09-28
Fay LLC,2005-12-04
"Lang, Pouros and Hauck",2018-01-09
Lakin-Prosacco,2014-02-19
Lebsack Group,2007-03-31
McLaughlin and Sons,2002-12-04
Quigley-Gottlieb,2004-02-04
"Vandervort, Brakus and Morissette",2001-04-17
Considine and Sons,2018-02-12
Ebert and Sons,2004-01-31
Mills Inc,2007-06-14
Runolfsson LLC,2012-08-01
"Gorczany, Roob and Schroeder",2015-10-02
Okuneva-Gaylord,2015-12-14
"Senger, Cruickshank and Kuphal",2015-06-21
Harvey-Sipes,2009-10-30
Moen-Cummerata,2006-09-30
Skiles Inc,2011-04-18
"Murazik, Will and Grant",2011-11-28
Streich-Russel,2008-05-17
Bogisich and Sons,2005-12-15
Mante-Nikolaus,2020-10-05
Runolfsson and Sons,2017-10-03
Jakubowski-Corwin,2019-03-20
Kemmer-Mante,2022-05-25
Botsford-Batz,2003-08-21
"Jacobson, Thiel and Koch",2022-07-24
Paucek Group,2014-10-30
Marks-Simonis,2012-10-04
King-Mante,2008-02-05
"Corwin, Crona and Hammes",2003-01-06
"Howell, Morar and Wiza",2007-01-15
"Schowalter, Huels and Ritchie",2005-01-17
Towne-Mayer,2002-10-02
"Gaylord, McClure and Lesch",2018-06-23
Macejkovic Group,2004-06-29
Bechtelar and Sons,2002-04-22
Cremin Inc,2010-12-27
Buckridge-Erdman,2013-12-09
Smith-Schuppe,2005-07-05
Ritchie-Hayes,2003-11-02
Morar-Emard,2018-09-24
D'Amore Group,2022-06-23
Goldner Group,2002-09-12
Hilpert Inc,2004-06-16
Ernser Inc,2021-08-13
"Kris, Walsh and Schuppe",2011-10-15
Feil-Effertz,2013-04-13
Sanford-McKenzie,2017-08-11
"Bechtelar, Fay and Lubowitz",2018-02-04
Monahan-Casper,2011-10-29
Champlin Group,2005-12-12
Stamm and Sons,2020-09-01
"Larkin, Weimann and Predovic",2011-03-29
"Morissette, Borer and Fritsch",2021-07-27
"Kutch, Medhurst and McGlynn",2011-12-02
Ondricka-Bernier,2014-05-23
"Treutel, Jenkins and Daniel",2014-02-16
Pollich and Sons,2010-05-09
Franecki-Witting,2008-05-03
"Kassulke, Will and Osinski",2018-03-11
"Casper, Zboncak and Kemmer",2010-12-19
Champlin-Langworth,2018-06-27
Bayer-Gerhold,2011-05-24
Fisher-Wiza,2002-11-25
Hilpert Inc,2006-12-16
McClure-Terry,2008-11-07
Muller and Sons,2021-05-20
Frami-Altenwerth,2013-06-25
Hettinger and Sons,2013-03-26
"DuBuque, Kshlerin and Reinger",2005-11-17
Stamm and Sons,2020-10-18
"Hauck, Hansen and Larson",2021-11-27
"Hahn, O'Conner and Boehm",2020-04-22
Halvorson-Collins,2009-08-01
Volkman-Cruickshank,2000-12-23
Gerhold-Christiansen,2016-10-31
"Purdy, Zulauf and Hartmann",2016-10-13
Jerde LLC,2001-02-17
Oberbrunner-Thiel,2017-09-30
Reynolds-Dach,2003-08-29
"Gerlach, Lemke and Mante",2013-01-31
Kemmer-Jacobs,2004-10-14
Hamill and Sons,2009-03-09
Conn-Collier,2006-12-30
Robel Inc,2002-11-10
Ondricka Inc,2015-08-26
Barrows-Collins,2014-09-16
Kemmer-Torphy,2019-10-03
Connelly Inc,2005-08-03
"Larkin, Murphy and Gibson",2002-04-05
Huel Inc,2008-12-31
"Nienow, Beatty and Pollich",2003-08-14
Fritsch Inc,2021-06-25
Marquardt-Grimes,2019-01-05
Nolan LLC,2011-06-21
Stracke-Dickens,2014-08-21
"Crooks, Gislason and Kuhlman",2018-08-14
Ratke and Sons,2001-11-20
"Quigley, Wilkinson and Runolfsson",2001-03-29
"Cremin, Frami and Koss",2009-08-16
Tillman Inc,2005-05-26
Bahringer LLC,2020-03-06
Klein Inc,2005-12-27
Hintz-Beer,2007-12-25
"VonRueden, Kunde and Krajcik",2022-04-25
Carroll Group,2020-07-12
"Zieme, Marquardt and Kemmer",2022-08-07
Miller-Simonis,2018-01-21
Kshlerin-Bahringer,2018-09-15
"Cassin, Vandervort and Tremblay",2017-04-16
Hyatt Inc,2020-11-13
Green and Sons,2004-05-11
"Russel, Koelpin and Kuvalis",2005-10-06
Kiehn-Harvey,2015-02-14
"Torp, Monahan and Feest",2010-08-13
Kub Inc,2012-05-18
Rippin-Lockman,2022-06-07
Bernier-Christiansen,2010-11-11
"Reinger, Davis and Greenfelder",2001-09-12
"Kreiger, Hilll and O'Keefe",2016-09-19
"Cartwright, Weissnat and Schimmel",2003-01-04
Reilly-Simonis,2014-11-17
Jakubowski-Dach,2009-08-10
Bergnaum and Sons,2001-08-01
Lueilwitz-Corkery,2017-05-23
O'Conner LLC,2016-08-13
Ortiz Group,2014-12-05
Wolf-Hilll,2019-05-09
"Ward, Langosh and Ryan",2009-07-01
Hammes-Ruecker,2004-06-08
"Tremblay, Lemke and Feest",2004-11-16
Morar-Cormier,2009-09-29
Kerluke Inc,2002-05-13
Barrows-Rohan,2010-01-29
Kub-Thiel,2019-02-10
Wintheiser-Sipes,2021-09-26
"Treutel, Prosacco and Haag",2018-02-17
Sporer-Sauer,2014-04-22
"Gleichner, Fay and Kuphal",2014-01-02
Berge-Bayer,2007-05-29
Leannon-VonRueden,2015-11-01
Kuhlman LLC,2009-02-22
"Wintheiser, Harvey and Leannon",2009-10-01
"Gibson, Koss and Feest",2006-11-25
Carter-Satterfield,2020-03-16
Ankunding-Bednar,2004-06-25
Reilly-Pollich,2015-02-09
Gusikowski-Little,2013-08-02
Kohler-Rowe,2021-01-23
McGlynn-Stehr,2002-05-23
Braun-Strosin,2008-02-14
"Stehr, Murray and Daniel",2015-05-15
"Boehm, Nolan and O'Connell",2002-02-17
Stanton Inc,2011-10-24
Hartmann-Walsh,2007-11-16
"Schuster, Weber and Glover",2015-06-12
Barton-Kozey,2013-09-01
Prosacco-Smith,2011-09-27
Emard LLC,2013-09-24
Brekke LLC,2006-12-28
Swift-Ryan,2017-08-14
Carroll and Sons,2015-01-02
"Effertz, Jacobson and Towne",2007-09-05
Gleason and Sons,2001-04-13
Orn-Doyle,2007-03-25
Konopelski-Effertz,2019-02-03
"Gusikowski, Schmitt and Wolff",2020-08-09
Reinger-Keeling,2022-04-21
Pollich-Kautzer,2013-09-14
Bogisich-Bashirian,2021-11-01
Kovacek-Rempel,2009-12-31
Powlowski and Sons,2012-07-09
Hagenes Inc,2004-06-13
Koch Group,2002-04-24
Hamill-Walsh,2013-09-18
Schmitt Group,2013-08-29
Runolfsson-Marvin,2012-11-08
Toy and Sons,2022-09-07
Rodriguez Inc,2009-10-02
Stiedemann-Mueller,2006-09-08
"Effertz, Barton and Wolf",2000-12-08
Predovic-Wyman,2009-05-22
Herzog-Romaguera,2009-01-31
"Waters, Littel and Becker",2013-01-09
Lind-Anderson,2020-05-31
"Pollich, Little and Shields",2021-10-13
Jacobs Group,2009-10-13
Kuhn and Sons,2013-06-05
O'Connell-Mayer,2004-07-30
Mann-Stiedemann,2013-12-17
Wyman and Sons,2002-12-27
"Bode, Simonis and Homenick",2003-01-21
Hayes-Johnston,2016-02-26
Cummerata LLC,2020-05-24
"Sauer, Reichel and Kirlin",2001-01-11
Huel-Gleason,2007-08-11
Cruickshank and Sons,2003-12-02
Mohr-Mante,2001-07-04
Labadie-Langworth,2001-12-22
McDermott-Casper,2014-04-02
"Larson, Kuhlman and Maggio",2003-12-15
Ziemann LLC,2006-01-17
"Hand, Toy and Deckow",2006-10-07
"Luettgen, Trantow and Runolfsson",2013-09-24
Collins and Sons,2021-02-05
Will LLC,2011-08-06
"Bartell, Cummerata and Greenholt",2020-12-28
Rippin-Cruickshank,2007-01-18
Hoeger Group,2010-05-05
Walker-Bauch,2008-10-25
"VonRueden, Stoltenberg and Wolf",2018-12-03
"Fadel, Spinka and Ebert",2022-04-11
"Homenick, Osinski and Baumbach",2015-04-18
Towne-Luettgen,2018-12-17
Wisoky-Thompson,2018-11-04
Wiza LLC,2012-05-26
Turner LLC,2011-01-28
"Thiel, Haag and Flatley",2014-08-18
Bauch Group,2002-02-02
"Thompson, Dietrich and Connelly",2019-02-15
Heathcote-Kiehn,2006-11-02
Davis Group,2021-12-30
"Bartell, Rempel and Gerlach",2007-05-22
Mraz LLC,2008-08-06
Heathcote Group,2018-09-01
"Dickinson, Nienow and Davis",2010-01-22
Gottlieb-Emmerich,2015-12-26
Gibson Group,2007-06-26
Rohan Group,2015-02-17
Morar-Sporer,2019-07-11
Nader-Jacobson,2018-05-10
"Reichel, Hermiston and Ankunding",2018-12-29
Schmidt-Hintz,2018-09-09
Greenholt-Considine,2019-01-13
"Toy, Leffler and Rolfson",2004-02-29
"Hagenes, Gibson and Moen",2015-11-23
Mitchell-Johns,2008-07-16
"Torp, Prohaska and Auer",2007-04-30
McGlynn-Waelchi,2016-08-19
Thompson-Beatty,2008-09-03
"Jaskolski, Stoltenberg and White",2021-07-24
Wintheiser Inc,2002-10-06
"Wisozk, Nienow and Wiza",2006-11-10
"Corkery, Hammes and Will",2011-01-22
"Prosacco, Smitham and Kutch",2003-11-01
"Bartoletti, Paucek and Bergstrom",2001-02-17
Lakin-Harvey,2018-03-10
"Ondricka, Hoeger and Pollich",2015-02-17
Blick-Halvorson,2020-02-21
"Pollich, Wisoky and Oberbrunner",2005-01-01
Gutkowski-Waters,2014-10-03
"Trantow, Borer and Baumbach",2000-12-26
Ruecker-Baumbach,2008-10-18
Wehner-Gaylord,2012-03-27
Schowalter Inc,2018-03-25
Watsica Inc,2017-06-24
"Windler, Okuneva and Treutel",2004-12-13
Mohr and Sons,2019-06-19
Bechtelar-Homenick,2001-04-14
Thiel and Sons,2011-06-02
Trantow-Krajcik,2006-11-07
"Marks, Bins and Effertz",2022-10-10
Grady-Klein,2019-10-09
"Walsh, Brown and Collier",2014-01-15
"Lueilwitz, Farrell and Simonis",2020-06-28
Prohaska-Medhurst,2015-10-02
Nolan-Stehr,2003-02-12
Raynor-Tremblay,2001-07-25
Wolff and Sons,2014-04-06
Leannon LLC,2022-04-19
"Zboncak, Pagac and Lindgren",2003-04-23
Hahn Group,2007-05-24
"Feeney, Funk and Kertzmann",2006-09-16
"Fadel, Windler and Wehner",2020-11-24
"Quigley, Pagac and Veum",2021-12-06
Marquardt-Haag,2016-11-21
Kessler-Lowe,2014-09-15
Douglas Inc,2009-10-04
"Wilkinson, Stiedemann and Koss",2006-06-11
Dietrich-Berge,2016-05-31
Greenfelder and Sons,2006-09-08
Lowe Inc,2005-12-16
"Prosacco, Boehm and Corkery",2009-10-12
Renner-Cummerata,2008-05-13
Harris-Swift,2011-11-23
"Quitzon, Hettinger and Boyer",2004-04-01
Rice and Sons,2002-09-24
"McKenzie, Collins and Waters",2022-03-20
Moore Inc,2011-11-27
Bernhard-Sanford,2008-05-13
Predovic Group,2003-02-20
"Shanahan, Koss and Little",2016-10-15
Mante-Lind,2006-12-19
Fahey and Sons,2001-02-24
Hirthe-Kertzmann,2020-08-04
Orn-Christiansen,2015-09-07
"Shanahan, Gusikowski and Abbott",2013-08-20
Grady-VonRueden,2014-10-04
Mohr Group,2018-12-05
Rowe-Leannon,2018-09-08
Cummerata-Larson,2014-11-29
Ritchie Inc,2003-08-31
"Mayert, Quitzon and Rempel",2007-12-21
Aufderhar-Bechtelar,2018-11-27
Quitzon Inc,2008-04-16
Cormier-Von,2005-02-07
Collins-Mueller,2007-10-07
Fay-Gerlach,2004-05-18
"Dickinson, Little and Volkman",2007-08-25
Parker Group,2016-09-06
Hoppe and Sons,2006-01-08
Hagenes-Luettgen,2005-04-29
Bechtelar-Aufderhar,2011-11-05
"Jaskolski, Reichel and Beatty",2003-10-16
Mann and Sons,2021-10-25
"Abbott, Schiller and Walker",2009-10-02
"Spencer, O'Kon and Rosenbaum",2018-08-25
"Herzog, Powlowski and Murray",2013-02-18
Boehm Inc,2016-08-12
Collier Group,2012-02-16
"Weber, Bahringer and Macejkovic",2011-08-16
"Hilpert, Treutel and Kessler",2012-11-05
Hauck-Effertz,2021-11-09
"Johns, Kling and Nader",2012-05-31
Orn-Koelpin,2021-06-06
Donnelly-Jakubowski,2004-01-06
Goldner-Gottlieb,2020-01-21
Boyer-Dickens,2014-06-25
Kutch-McClure,2009-08-27
Goldner Group,2018-05-19
Greenholt-Schultz,2010-04-09
Kassulke Inc,2001-05-15
Lind-Bruen,2002-03-24
"Howe, Lakin and Simonis",2003-11-22
Schowalter Group,2017-10-02
Kozey Group,2002-07-31
Bahringer-Smith,2022-09-14
Cummings LLC,2015-07-10
"Runolfsson, Rohan and Carroll",2003-09-26
"Considine, O'Connell and Ratke",2010-02-06
Muller-Von,2019-08-31
"Dare, Waters and Dickens",2006-03-10
Schamberger-West,2020-05-10
Johnston Inc,2011-02-09
Fahey-Stiedemann,2021-10-20
Bernhard-Torp,2011-06-17
"Kemmer, Prosacco and Orn",2022-08-08
McClure Inc,2000-12-03
Zieme Inc,2022-03-11
Simonis-Farrell,2008-08-03
Streich Inc,2015-01-17
Gulgowski-Cronin,2010-11-20
MacGyver-Mann,2006-06-27
Kirlin-Hand,2004-05-15
"Jerde, Erdman and Pfeffer",2017-04-05
Ward and Sons,2001-10-06
"Tillman, Ernser and Buckridge",2015-09-05
Doyle LLC,2011-07-04
Von-Crona,2011-07-21
"Friesen, Oberbrunner and Romaguera",2010-03-05
Graham Inc,2007-12-30
"Hilpert, Brown and Cummerata",2007-08-27
Bayer-Okuneva,2003-10-13
Cormier-Nader,2007-10-21
Kuhn and Sons,2018-11-19
Barrows-Lubowitz,2021-01-11
Shanahan-Cummerata,2020-05-15
Wisoky-Stehr,2019-02-09
Kutch-Schaden,2014-05-25
"Ziemann, Stanton and Krajcik",2020-09-17
"Kovacek, Connelly and Nienow",2010-11-26
Crist-Stark,2001-05-13
Marks-Breitenberg,2017-08-12
Ruecker-Haag,2013-02-17
Mante-Bogisich,2010-11-13
Hickle Inc,2013-02-14
"Raynor, Volkman and Gerhold",2007-02-21
Gusikowski-Wilkinson,2006-12-06
Grady-Nitzsche,2003-11-24
Jones-Streich,2003-03-27
"Bartoletti, Stiedemann and Farrell",2006-09-03
"Denesik, Bogan and Daugherty",2001-09-16
Hammes-Hills,2001-09-19
Senger Inc,2013-04-18
Breitenberg Group,2008-09-22
"Keebler, Mosciski and Rowe",2000-11-03
Wisozk Group,2014-03-11
Glover Inc,2007-10-18
Hodkiewicz LLC,2018-01-18
VonRueden-Goldner,2008-03-12
Bernier-Botsford,2002-12-02
Connelly-O'Kon,2010-10-17
"Waters, Schaden and Zieme",2005-07-18
Grimes-Orn,2008-12-04
"Donnelly, Pollich and Dietrich",2003-07-12
Huel and Sons,2007-03-05
Gorczany-Huels,2020-07-03
Runolfsson Inc,2011-02-11
Hirthe-Kulas,2010-07-05
Langworth and Sons,2019-09-23
"Weimann, Gerhold and Goldner",2005-04-21
O'Conner-Franecki,2003-06-18
"Quitzon, Gerlach and Gleason",2021-04-08
Larkin LLC,2021-09-28
Wiza-Shields,2004-11-06
"Durgan, Trantow and Gerhold",2019-02-14
"Beier, Swaniawski and Walker",2011-09-14
"Predovic, Koepp and Stanton",2001-03-13
"Quitzon, Schmeler and Hodkiewicz",2021-10-10
Ritchie-Volkman,2005-09-04
"Abernathy, Wolff and Pagac",2001-03-29
Crist-Leannon,2022-05-15
Lockman Inc,2011-01-25
"Mante, Grimes and Lakin",2016-01-14
Kiehn-Roob,2016-06-18
Bashirian-Langworth,2020-07-03
"Hand, Herzog and Romaguera",2011-12-30
Schinner-Dicki,2009-04-30
Turcotte-Johns,2007-02-08
Schoen-Toy,2014-07-27
"Kuphal, McCullough and Littel",2008-09-09
O'Connell-Shields,2003-03-07
Roob-West,2011-12-08
Nitzsche-Lowe,2002-12-20
Bins and Sons,2014-04-09
Farrell-Gaylord,2012-02-07
"Stokes, Sanford and Tromp",2019-05-15
Dibbert-Harvey,2012-11-03
"Bergnaum, Mosciski and Marquardt",2013-08-22
Shields and Sons,2003-10-06
Leannon-Treutel,2019-04-24
Bartell-Schinner,2016-06-17
"Sawayn, Jones and Walker",2001-02-05
Moen-White,2012-11-05
"King, Blick and Kutch",2014-05-15
"Pfannerstill, Bosco and Strosin",2013-02-05
"Denesik, Sipes and Kiehn",2006-11-23
Christiansen-Reilly,2022-07-11
"Yost, Shields and MacGyver",2018-11-29
MacGyver Group,2004-03-31
"Macejkovic, Daugherty and Goyette",2005-03-08
"Gottlieb, Gutmann and Wisozk",2001-03-24
Daniel Inc,2003-07-15
Konopelski-Satterfield,2008-04-06
Emmerich LLC,2002-02-04
Spinka LLC,2019-11-11
Gutmann-Pfannerstill,2020-12-09
"Yundt, Walter and Leuschke",2019-11-16
"Treutel, Deckow and Prosacco",2009-11-04
Hagenes and Sons,2017-11-29
Cummings Inc,2022-04-16
Kertzmann-Jacobi,2007-05-09
"Murray, Kohler and Keeling",2018-02-17
"Bradtke, Konopelski and Trantow",2013-05-02
"Quitzon, Cummings and White",2004-11-06
"Terry, Erdman and Botsford",2004-05-07
"Casper, Bosco and Harris",2020-12-19
"Heathcote, Hermiston and Emard",2005-03-25
Turner LLC,2017-02-02
McGlynn-Jacobs,2006-05-09
Kling-Jaskolski,2020-03-06
Walter LLC,2016-09-27
"Hudson, Emmerich and Thiel",2017-02-04
Stoltenberg-Kautzer,2013-06-15
Wolff-Wehner,2002-10-09
Schiller LLC,2009-02-27
Kulas-Daugherty,2017-05-16
"Grady, Heathcote and Jerde",2001-02-09
"Bailey, Jacobs and Nikolaus",2013-06-26
Ferry LLC,2020-05-07
Cartwright-King,2015-01-06
Kihn-Torphy,2016-08-20
Stracke LLC,2006-01-18
Grant LLC,2011-08-03
Witting Inc,2018-05-23
Treutel LLC,2011-05-31
Berge and Sons,2004-10-18
Pouros and Sons,2001-02-27
"Moore, Reichel and Beer",2006-01-18
Hessel-Wisozk,2009-11-03
Sawayn-Tromp,2012-08-04
"Friesen, Douglas and Halvorson",2009-10-10
"Hirthe, Morissette and Prosacco",2020-01-20
Lakin-Rice,2002-10-11
"Stokes, Wehner and Kassulke",2018-12-02
"Hessel, Thiel and Goodwin",2016-07-11
"Trantow, Stark and Wuckert",2020-01-27
Rosenbaum-Hilll,2014-01-29
Hintz LLC,2020-07-10
Koch LLC,2006-12-17
Hahn LLC,2016-06-08
"Effertz, Kessler and Reinger",2003-03-12
Miller Inc,2001-05-24
"Rogahn, Yundt and Langworth",2008-09-10
Carroll-Brown,2011-06-01
Breitenberg and Sons,2009-02-08
Bartell-Wolff,2009-09-19
Heathcote Group,2021-05-16
Bogan-O'Conner,2008-06-19
"Sipes, Dibbert and Hilll",2004-02-28
Rodriguez Group,2015-12-25
Schmidt-Marks,2009-09-22
"Leffler, Prohaska and Smitham",2011-09-14
Goodwin LLC,2006-06-18
"Runte, Hammes and Bernhard",2018-08-06
Spencer and Sons,2001-03-28
Keeling-Dietrich,2010-05-30
"Cruickshank, Kuhic and Walker",2016-08-15
Brakus-Nolan,2018-03-29
"Turcotte, Oberbrunner and Johnson",2013-05-21
Cormier-Mertz,2013-05-07
Shields Group,2014-02-11
Turner Group,2006-07-30
Dicki LLC,2008-10-01
King and Sons,2021-11-26
Dietrich-Blick,2007-11-07
Keeling-Batz,2015-10-08
Larkin Group,2020-06-13
Rempel-Reinger,2017-10-29
"Abshire, Kunze and Kovacek",2002-11-19
Gusikowski-Lueilwitz,2001-02-21
Zboncak-Schowalter,2005-06-18
Nienow and Sons,2020-08-01
"Hane, Labadie and McKenzie",2005-05-04
Nienow-Kerluke,2010-06-05
Price LLC,2007-11-06
Kassulke-Bahringer,2001-09-17
"Blanda, Ritchie and Dibbert",2013-04-25
"Dicki, Jones and Schmidt",2010-04-04
"Mraz, Leuschke and Bradtke",2021-02-23
"Keeling, Waelchi and Schaefer",2003-11-18
Lind Inc,2009-02-01
"Yost, Zemlak and Marvin",2022-07-23
Dicki-Anderson,2011-06-15
Muller and Sons,2021-05-29
Larson-Wisoky,2006-10-28
Flatley and Sons,2008-06-06
"Reynolds, Doyle and Flatley",2004-11-05
McClure and Sons,2014-03-19
Mraz-Greenfelder,2020-12-31
Brakus-Gleichner,2019-09-14
Rosenbaum-Schulist,2018-09-08
O'Conner-Borer,2021-01-14
Collier-Blick,2013-12-30
Harvey Inc,2015-06-30
Brekke LLC,2018-12-01
"Anderson, Keeling and Olson",2015-07-29
O'Keefe-Medhurst,2002-07-26
Hartmann-Satterfield,2004-12-05
"Wisozk, Hermiston and Larkin",2012-07-23
O'Connell Group,2014-04-19
Stamm-Kreiger,2015-10-18
Wiegand LLC,2002-09-19
"Armstrong, Beier and Keebler",2019-12-23
Haag-Wehner,2007-04-14
"Little, Kshlerin and Champlin",2005-01-31
"Purdy, Durgan and Emard",2015-10-25
Ledner-Reinger,2008-07-02
"Harber, Thompson and Orn",2003-07-18
"McKenzie, Kuvalis and Aufderhar",2006-08-05
Kilback Group,2021-12-05
"Quitzon, Anderson and Crist",2004-05-22
Schiller-Heller,2011-06-15
"Runte, Becker and Graham",2018-08-07
Denesik-Hayes,2004-06-17
Gulgowski LLC,2003-08-08
"Kunze, Runte and Leffler",2012-08-27
Schuppe-Grady,2009-07-30
Klocko Group,2013-06-06
Braun-Collins,2003-04-15
"Terry, Hilpert and Armstrong",2008-02-04
Kuhn Group,2022-02-09
"Kunze, Botsford and Bogan",2006-01-01
Lehner LLC,2018-09-24
Johns-Kutch,2020-09-17
Hackett-Friesen,2001-05-03
Herzog-Welch,2019-05-29
Fisher-Quigley,2006-04-30
Konopelski LLC,2000-12-01
"Fritsch, Wehner and Bailey",2015-06-01
Sipes-Hand,2021-12-28
"Hand, Osinski and Flatley",2021-08-20
Vandervort-Leffler,2005-10-04
"Herzog, Jacobs and Hackett",2018-05-03
Turner Inc,2006-06-25
Stanton-Stark,2017-04-21
Hand and Sons,2009-06-15
"Fadel, Sauer and Renner",2001-02-18
Botsford Group,2021-08-13
Hermann and Sons,2013-09-19
"Sanford, Torp and Moore",2014-10-03
Hyatt-Hauck,2013-05-27
"Watsica, Schaefer and Jerde",2004-11-12
Zboncak Inc,2016-06-10
"Schuster, Lind and O'Kon",2014-03-01
McCullough and Sons,2015-09-10
"Ratke, Mueller and Nolan",2005-11-04
Schmidt-Howe,2018-06-27
Renner-Gaylord,2013-10-12
Schroeder and Sons,2022-03-12
Cremin Group,2009-05-24
"Balistreri, Pacocha and Considine",2018-06-05
Boyer-Spinka,2010-06-26
"Farrell, Kerluke and Berge",2009-12-23
Kertzmann-Monahan,2012-04-19
Powlowski and Sons,2019-09-28
"Schoen, Nader and Monahan",2011-01-31
"Ledner, Koepp and Kilback",2017-07-19
Strosin LLC,2010-02-13
Ryan Inc,2004-09-08
Russel LLC,2015-08-27
Kulas and Sons,2016-06-25
Hayes Group,2017-12-24
"Wyman, Roob and Daugherty",2012-02-18
Rogahn and Sons,2018-12-13
Wolf Inc,2009-02-11
D'Amore LLC,2002-08-01
Feil-Konopelski,2014-08-10
Lesch Group,2016-09-13
Bechtelar Inc,2021-02-11
"Dickinson, Friesen and Stokes",2002-12-07
VonRueden-Cronin,2010-01-05
"Labadie, Cummings and Gerhold",2021-09-18
Pollich Inc,2016-07-27
Ullrich-Cremin,2022-06-08
Hodkiewicz Inc,2012-03-24
McClure Inc,2007-05-06
Schmitt-Rolfson,2001-10-18
Osinski-McClure,2003-06-13
Haag LLC,2017-01-25
Legros LLC,2008-05-24
"Harvey, Hoppe and Kuhlman",2014-10-31
Brakus-Senger,2003-12-26
Gerlach and Sons,2015-12-22
Heathcote and Sons,2015-07-05
Zieme-Nienow,2017-05-10
Lakin Group,2012-09-28
West Group,2007-05-06
"Dickinson, Sanford and Hegmann",2005-08-08
Fritsch-Wiegand,2013-02-19
Gottlieb-Quigley,2001-05-29
"Kris, West and Watsica",2020-02-20
"Quitzon, Torphy and Von",2001-11-13
Corwin-Thiel,2006-05-26
"Swift, Mosciski and Nienow",2016-02-12
Bednar and Sons,2003-09-05
Greenholt-Lynch,2001-06-08
"Ebert, Crist and Hudson",2009-09-13
