id,first_name,last_name,company
1,Nessie,Kesten,"Physicians Total Care, Inc."
2,Giordano,Loseke,"Concept Laboratories, Inc."
3,Issie,MacLeese,Conopco Inc. d/b/a Unilever
4,Rozina,Fursse,"Acura Pharmaceuticals, Inc."
5,Robers,Doody,Aqua Pharmaceuticals
6,Pail,Whitsey,"UCB, Inc."
7,Lewie,Rishman,"Nelco Laboratories, Inc."
8,Erin,Coulthard,"Preferred Pharmaceuticals, Inc"
9,Rudyard,Bowmer,AuroMedics Pharma LLC
10,Rosamond,Giorgioni,BluePoint Laboratories
11,Nikolos,Christauffour,"Carver Korea Co.,Ltd"
12,Sherlock,Gegay,B. Braun Medical Inc.
13,Arliene,Hardes,Supervalu Inc
14,Jourdan,Davidai,"H.J. Harkins Company, Inc."
15,Allis,Benesevich,KANEBO COSMETICS INC
16,Dido,Feare,Meijer Distribution Inc
17,Kermy,Carless,Kroger Company
18,Baxter,Fearnley,"Mutual Pharmaceutical Company, Inc."
19,Mead,Kalinsky,"Antigen Laboratories, Inc."
20,Lark,Fairfoull,McKesson Packaging Services a business unit of McKesson Corporation
21,Fredericka,Wintle,Macleods Pharmaceuticals Limited
22,Ki,Ockenden,Par Pharmaceutical Inc.
23,Bren,Joreau,Cardinal Health
24,Orv,Gladbeck,"Liddell Laboratories, Inc."
25,Kissee,Fiennes,Baxter Healthcare Corporation
26,Renault,Sutherington,"Roxane Laboratories, Inc"
27,Fraze,Blackstock,"Preferred Pharmaceuticals, Inc"
28,Sioux,Ericssen,Pfizer Laboratories
29,Wallas,Petrak,St Marys Medical Park Pharmacy
30,Connie,Mumm,"Janssen Pharmaceutical, Inc."
31,Celle,Scrowston,H E B
32,Andriana,Bendle,Teva Pharmaceuticals USA Inc
33,Aldric,Pollard,Cardinal Health
34,Jameson,Averies,BCM Cosmetique SAS
35,Freemon,Janca,"Vivier Pharma, Inc."
36,Chlo,Revely,"DOLGENCORP, LLC"
37,Brandy,Taffurelli,"WOONSOCKET PRESCRIPTION CENTER,INCORPORATED"
38,Fabio,Hellcat,LAURA GELLER MAKE UP INC.
39,Michail,Inchan,St Marys Medical Park Pharmacy
40,Jacinda,Delia,AvPAK
41,Sharline,McLanachan,"PD-Rx Pharmaceuticals, Inc."
42,Linnie,Pagen,"Nelco Laboratories, Inc."
43,Nappie,Francioli,Amerisource Bergen
44,Fax,Adamov,"Physicians Total Care, Inc."
45,Meggy,Chasmoor,L. Perrigo Company
46,Nancey,Tyson,Herbion Pakistan (Pvt.) Ltd.
47,Katy,Whiffen,"BioActive Nutritional, Inc."
48,Maryann,Coan,Keraplast Technologies LLC
49,Eliza,Wessel,Kinray
50,Clevie,Arger,Premier Value
51,Kaela,Grady,"Antigen Laboratories, Inc."
52,Lauralee,Dudny,Sandoz Inc
53,Hieronymus,Chazier,Colgate-Palmolive Company
54,Rosette,Stanger,Kroger Company
55,Josh,Creane,Neutrogena Corporation
56,Hi,Spurge,NARTEX LABORATORIOS HOMEOPATICOS SA DE CV
57,Perla,Laughlan,"Galena Biopharma, Inc."
58,Brynne,Brixham,King Bio Inc.
59,Mikel,Johnsson,JAFRA COSMETICS INTERNATIONAL
60,Paquito,Coverley,7-Eleven
61,Humbert,Legh,"AmMed, Inc."
62,Allene,Oger,"Aidance Skincare & Topical Solutions, LLC"
63,Chrystal,Totman,"SKINFOOD CO., LTD."
64,Amby,Tamas,Lake Erie Medical DBA Quality Care Products LLC
65,Baudoin,Kellart,Mylan Pharmaceuticals Inc.
66,Donnajean,Darnody,Cardinal Health
67,Marris,Fieldsend,Fresno Oxygen and Welding Suppliers
68,Thom,Prout,"Prestium Pharma, Inc."
69,Mei,Lachaize,Cardinal Health
70,Rustie,Shillitto,MULTALER & CIE S.A.
71,Lauritz,Franey,Meda Pharmaceuticals Inc.
72,Oralee,Udden,Major Pharmaceutical
73,Rowena,Filkin,Pliva Inc.
74,Marci,Leaver,"General Injectables and Vaccines, Inc"
75,Basia,Claricoates,"GOJO Industries, Inc."
76,Winonah,Taylor,Medtech Products Inc.
77,Tonie,Ferruzzi,McKesson Packaging Services a business unit of McKesson Corporation
78,Marilin,L' Estrange,AbbVie Inc.
79,Oriana,Backson,Energizer Personal Care LLC
80,Prudence,Orred,REMEDYREPACK INC.
81,Uri,Silveston,Rebel Distributors Corp
82,Evaleen,Runnalls,Skin Authority LLC
83,Matthaeus,O'Driscoll,"Harris Pharmaceutical, Inc."
84,Christoper,Hilbourne,"CodaDose, Inc."
85,Egon,Wink,CVS Pharmacy
86,Anabella,Kail,"Glenmark Generics Inc., USA"
87,Lynnea,Shoorbrooke,Bryant Ranch Prepack
88,Analiese,Haton,Kmart Corporation
89,Kirsteni,Filipponi,"Nelco Laboratories, Inc."
90,Elga,Bewshaw,"PD-Rx Pharmaceuticals, Inc."
91,Fernandina,Hodgets,Stat Rx USA
92,Jesus,Feathersby,"Hospira, Inc."
93,Nevin,Buggs,"PD-Rx Pharmaceuticals, Inc."
94,Tyson,Frank,A-S Medication Solutions LLC
95,Johannes,Skipsea,Delon Laboratories (1990) Ltd
96,Perrine,Kulis,Pfizer Laboratories Div Pfizer Inc
97,Nolly,O'Crotty,Walgreen Company
98,Vittoria,Prestage,Apotheca Company
99,Kara-lynn,Goundry,Simmyung Pharmaceutical Co Ltd
100,Margaret,Raubenheimers,"Nostrum Laboratories, Inc."
101,Elisha,Manuaud,Dr. Reddy's Laboratories Limited
102,Rhonda,Driver,CRC (Cosmoceutical Research Center)
103,Brook,Fairhurst,Kroger Company
104,Oona,Ogle,BJWC
105,Dennis,Sollowaye,McKesson Packaging Services Business Unit of McKesson Corporation
106,Min,Deroche,Bryant Ranch Prepack
107,Daffi,Simic,Zydus Pharmaceuticals (USA) Inc.
108,Tobit,Wisniowski,"JUBILANT CADISTA PHARMACEUTICALS, INC."
109,Dare,Leaves,"Genuine First Aid, LLC"
110,Hanan,Stranks,Ranbaxy Laboratories Inc.
111,Dody,Driscoll,Western Family Foods Inc
112,Rianon,Mayzes,Walgreen Company
113,Selena,Tipple,"Golden State Medical Supply, Inc."
114,Odetta,Danielsen,New World Imports
115,Stacey,Labro,"Physicians Total Care, Inc."
116,Ninnette,MacGovern,"NATURE REPUBLIC CO., LTD."
117,Umberto,Studdal,Rubbermaid Commercial Products LLC
118,Dannye,Crocken,"NCS HealthCare of KY, Inc dba Vangard Labs"
119,Hans,Croyden,"Watson Pharma, Inc."
120,Reuben,Kivlehan,"Medline Industries, Inc."
121,Keriann,Gansbuhler,Rite Aid Corporation
122,Randi,Richardet,"Keene Medical Products, Inc."
123,Winona,Windrass,Cadila Pharmaceuticals Limited
124,Nickie,Bohey,American Sales Company
125,Vivian,Grandison,"Henry Schein, Inc."
126,Minerva,Naris,"Aldi, Inc"
127,Patten,Matschuk,Cardinal Health
128,Vania,Farlamb,Baxter Healthcare Corporation
129,Andros,Swetman,"Taro Pharmaceuticals U.S.A., Inc."
130,Jed,Geldeford,McKesson
131,Bobbee,Salliss,Fresenius Medical Care North America
132,Claudetta,Schukraft,"Physicians Total Care, Inc."
133,Annamaria,Coleford,Kramer Novis
134,Steve,Geekin,"Karalex Pharma, LLC, Woodcliff Lake, NJ 07677"
135,Cybill,Waistall,"Chattem, Inc."
136,Sanders,Godehard.sf,Tarte Inc
137,Tomas,Gaffey,JAFRA COSMETICS INTERNATIONAL
138,Chris,Ferney,"Nelco Laboratories, Inc."
139,Lauren,Spehr,"Preferred Pharmaceuticals, Inc."
140,Stillmann,Strutton,American Health Packaging
141,Alonso,Andreou,King Bio Inc.
142,Giffie,Adamczewski,"ALK-Abello, Inc."
143,Johann,Pettendrich,Neutrogena Corporation
144,Farlee,Colbertson,HyVee Inc
145,Audry,Patterson,REMEDYREPACK INC.
146,Berti,Cowan,UNITED EXCHANGE CORP
147,Tersina,Rodger,STAT Rx USA LLC
148,Ben,Thomann,Eli Lilly and Company
149,Arley,Creedland,Apotex Corp
150,Davina,Bullar,"Nelco Laboratories, Inc."
151,Cull,Fullylove,Bryant Ranch Prepack
152,Tybi,Dunsford,REMEDYREPACK INC.
153,Goldarina,Stidever,AstraZeneca LP
154,Vidovic,Labbati,Heritage Pharmaceuticals Inc.
155,Linzy,Bailes,Select Brand Distributors
156,Min,Blockley,Western Family Foods Inc
157,Clarabelle,Evanson,Cintas Corp.
158,Filberte,Tidgewell,Family Dollar
159,Ania,Sybbe,"Matrixx Initiatives, Inc."
160,Lucy,Alliston,Cardinal Health
161,Rudolf,Dabney,Laboratoires Clarins S.A.
162,Tracie,Roarty,Pan Aromas LLC
163,Ivory,Baignard,"CARACO PHARMACEUTICAL LABORATORIES, LTD."
164,Svend,Jacox,Aidarex Pharmaceuticals LLC
165,Josias,Spaunton,"ALK-Abello, Inc."
166,Lukas,Hubbart,"NATURE REPUBLIC CO., LTD."
167,Britteny,Rozycki,"Blenheim Pharmacal, Inc."
168,Michal,Benes,Aurobindo Pharma Limited
169,Isis,Fenix,"Zila Therapeutics, Inc."
170,Mikey,Mabbot,SHISEIDO AMERICA INC.
171,Aloise,Sclanders,Cardinal Health
172,Paton,Yurevich,"PD-Rx Pharmaceuticals, Inc."
173,Celestyna,Douch,Bryant Ranch Prepack
174,Ashli,McCree,HOMEOLAB USA INC
175,Raddie,Bourgourd,Nature's Way Holding Co
176,Sydelle,Lydall,American Health Packaging
177,Ellsworth,Bishell,Reckitt Benckiser
178,Sandy,Bougourd,"Preferred Pharmaceuticals, Inc"
179,Meggy,Goldingay,"Taro Pharmaceuticals U.S.A., Inc."
180,Bryn,Adelberg,Dr. Reddy's Laboratories Limited
181,Dunc,Luebbert,Pharmacia and Upjohn Company
182,Tarrance,Standingford,McKesson Corporation
183,Michele,Leverington,LEO Pharma Inc.
184,Fred,Ayton,GLENVIEW PHARMA INC.
185,Brittaney,Guillerman,Forces of Nature
186,Hunfredo,Free,Dr Reddy's Laboratories Limited
187,Leo,Nesbit,Unit Dose Services
188,Lem,Lynes,"Allegis Pharmaceuticals, LLC"
189,Cleveland,Sandwith,Mondelez Global LLC
190,Nicol,Giddons,King Import Warehouse
191,Teador,Quidenham,Select Corporation
192,Frazer,Inkpin,RedPharm Drug Inc.
193,Enrika,Caret,Walgreen Company
194,Theodor,Veldman,Wockhardt USA LLC.
195,Fionna,Leel,Cardinal Health
196,Sharon,Maleck,"PD-Rx Pharmaceuticals, Inc."
197,Dev,Pepon,"Antigen Laboratories, Inc."
198,Elisa,Dossantos,"Philosophy, Inc."
199,Hakim,Pontain,"Antigen Laboratories, Inc."
200,Deb,Seller,Cardinal Health
201,Marshall,Warrener,L Perrigo Company
202,Matelda,Dendle,"Integra Health International, S.A. de C.V."
203,Liana,Kruse,"Golden State Medical Supply, Inc."
204,Archibald,Scaddon,"Dong Sung Pharm. Co., Ltd."
205,Karyl,Oret,Kmart Corporation
206,Eileen,Walworche,TYA Pharmaceuticals
207,Keary,Erley,"American Regent, Inc."
208,Rene,Cramp,"Roberts Oxygen Company, Inc."
209,Shay,Alloway,McKesson Contract Packaging
210,Elysia,Hawkes,WAL-MART STORES INC
211,Rycca,Nerger,"Synergy Formulas, Inc."
212,Cob,Cawthera,Saginaw Weldilng Supply Company
213,Dannye,Duckit,"Johnson & Johnson Consumer Products Co., Division of Johnson & Johnson Consumer Companies, Inc."
214,Paten,Agass,"Medimetriks Pharmaceuticals, Inc."
215,Bourke,Blamire,Reckitt Benckiser LLC
216,Bil,Judron,"SAMSUNG PHARM IND. CO., LTD."
217,Charlotta,Sleight,Cardinal Health
218,Benton,McIan,HyVee Inc
219,Glory,Heaphy,Deseret Biologicals
220,Yvonne,Feldberger,A-S Medication Solutions LLC
221,Betsy,Lyddon,"Gilead Sciences, Inc."
222,Madalena,Huygen,"Caraco Pharmaceutical Laboratories, Ltd."
223,Orelle,Yerrell,King Bio Inc.
224,Torrey,Rubinfeld,Wockhardt Limited
225,Gabriela,McAviy,CVS Pharmacy
226,Klaus,Castrillo,"MedVantx, Inc."
227,Kristan,Edwicker,"SJ Creations, Inc."
228,Benni,Hinzer,"BioActive Nutritional, Inc."
229,Amye,Baison,Actavis Elizabeth LLC
230,Adara,Vila,Aidarex Pharmaceuticals LLC
231,Cross,Kirsche,Cardinal Health
232,Druci,Pennycord,"Nelco Laboratories, Inc."
233,Frayda,Winfield,"Roxane Laboratories, Inc."
234,Clotilda,Moorerud,A-S Medication Solutions LLC
235,Maximilian,Ghidelli,Apotheca Company
236,Daryl,Sale,"Lupin Pharmaceuticals, Inc."
237,Field,Conti,"Shaoxing Fuqing Health Products Co., Ltd."
238,Emmie,Huster,"Taro Pharmaceuticals U.S.A., Inc."
239,Reiko,Shoubridge,"Bath & Body Works, Inc."
240,Baxter,Morfield,State of Florida DOH Central Pharmacy
241,Ermengarde,Woodhead,"Roxane Laboratories, Inc."
242,Janessa,Roder,"Aphena Pharma Solutions - Tennessee, LLC"
243,Stanwood,Brandassi,REMEDYREPACK INC.
244,Grange,Flacknoe,STAT RX USA LLC
245,Anselma,Buzine,American Sales Company
246,Caleb,Crisp,"Stephen L. LaFrance Pharmacy, Inc."
247,Davis,Laughlin,Zenith Medicosm SL
248,Leann,Whitely,RITE AID CORPORATION
249,Carolann,Edmott,"Nelco Laboratories, Inc."
250,Nicolis,Barenski,Apotheca Company
251,Ladonna,Craw,REMEDYREPACK INC.
252,Guglielma,Sandes,SUN PHARMA GLOBAL INC.
253,Sandy,Ellsbury,"SMASHBOX BEAUTY COSMETICS, INC"
254,Fey,Justun,"Roxane Laboratories, Inc."
255,Gunilla,Sebire,Qualitest Pharmaceuticals
256,Jade,Phillpotts,"ZARS Pharma, Inc."
257,Britta,Wrotham,Cardinal Health
258,Lester,Bolton,"Janssen Pharmaceuticals, Inc."
259,John,Harcus,Aurobindo Pharma Limited
260,Eric,Huddart,"Newton Laboratories, Inc."
261,Lynde,Parbrook,Ranbaxy Pharmaceuticals Inc.
262,Jackqueline,Polotti,Kimberly-Clark Corporation
263,Marthena,Cristol,DSHealthcare
264,Maura,Bayly,Upsher-Smith Laboratories Inc.
265,Kincaid,Pabst,LVMH Fragrance Brands
266,Hymie,Rainer,Ventura Corporation LTD
267,Chrysler,Cumesky,Rebel Distributors Corp
268,Damien,Pinkney,"AMI Cosmetic Co.,Ltd."
269,Linzy,Strethill,Greenstone LLC
270,Lucy,Shilvock,"C.O. Truxton, Inc."
271,Ellsworth,Stables,Uriel Pharmacy Inc.
272,Janna,Bonniface,"BioActive Nutritional, Inc."
273,Karalynn,Gokes,"ALK-Abello, Inc."
274,Joellyn,Venturoli,"ALK-Abello, Inc."
275,Ulla,Banister,HOMEOLAB USA INC.
276,Randolf,Charlick,ALILY (ZHANGZHOU) BATH PRODUCTS LTD.
277,Mendie,Curnokk,Medicine Shoppe International Inc
278,Phyllys,Kinman,Sanum Kehlbeck GmbH & Co. KG
279,Alexandra,Abrahm,Cardinal Health
280,Sebastiano,Findlater,Bryant Ranch Prepack
281,Jobina,Bestall,Chantecaille Beaute Inc
282,Cathee,Meus,BIOKEY INC.
283,Norry,Rulten,Conopco Inc. d/b/a Unilever
284,Adelle,Lude,"HUB Pharmaceuticals, Inc."
285,Odele,Dance,REMEDYREPACK INC.
286,Paulette,Coffin,"Sun & Skin Care Research, LLC"
287,Adelina,Guerrazzi,Heritage Pharmaceuticals Inc.
288,Gerty,Sidlow,"IVAX Pharmaceuticals, Inc."
289,Raquel,Scargill,Heritage Pharmaceuticals Inc.
290,Sigismond,Disdel,"Physicians Total Care, Inc."
291,Jerrold,Donaway,"Upsher-Smith Laboratories, Inc."
292,Keith,Bowskill,"PD-Rx Pharmaceuticals, Inc."
293,Randell,Searston,"Elizabeth Arden, Inc"
294,Griswold,Eykelhof,H2O Plus
295,Obediah,Raynton,"Inel Cosmetics Co., Ltd"
296,Stephan,Ruxton,Mckesson (Health Mart)
297,Marinna,Yves,American Sales Company
298,Beatrisa,Poppy,Bryant Ranch Prepack
299,Adda,Ould,Natural Health Supply
300,Marlee,Skipworth,Apotheca Company
301,Whitaker,Menis,Supervalu Inc
302,Kit,Normandale,Lake Erie Medical & Surgical Supply DBA Quality Care Products LLC
303,Guglielma,Raden,Sam's West Inc
304,Brigid,Simmonite,REMEDYREPACK INC.
305,Karylin,Hawket,"Antigen Laboratories, Inc."
306,Amara,Skillitt,"Liberty Pharmaceuticals, Inc."
307,Angelo,Duetsche,"Antigen Laboratories, Inc."
308,Ayn,Petruk,Children's Hospital of Michigan
309,Sallyanne,Gilyatt,HOMEOLAB USA INC
310,Gusta,Lissenden,West-ward Pharmaceutical Corp.
311,Traci,Gainsburgh,"Teva Parenteral Medicines, Inc."
312,Donni,Cridland,Procter & Gamble Manufacturing Company
313,Thornton,Maginot,Teva Pharmaceuticals USA Inc
314,Bondie,Weetch,"Austin Respiratory Equipment,inc"
315,Marie-jeanne,Dowdeswell,THE FEINSTEIN INSTITUTE FOR MEDICAL RESEARCH
316,Carmen,Ferrini,Clinical Solutions Wholsesale
317,Jerrilee,Ingall,Aurobindo Pharma Limited
318,Ira,Slavin,CARDINAL HEALTH
319,Ruben,Giffin,Mylan Pharmaceuticals Inc.
320,Virginia,Dohms,Medtronic Neuromodulation
321,Neall,Pengilley,"Fresenius Kabi USA, LLC"
322,Gerti,Ibert,Meijer
323,Nanice,Selcraig,"Antigen Laboratories, Inc."
324,Cecil,Beausang,Mylan Institutional Inc.
325,Crosby,Aiken,"McNeil Consumer Healthcare Div McNeil-PPC, Inc"
326,Earl,Trorey,Houston Cyclotron Partners LP dba Cyclotope
327,Eberto,Furlonge,"Physicians Total Care, Inc."
328,Casandra,Artz,Tahitian Noni International Inc.
329,Elnore,Meah,Touchless Care Concepts LLC
330,Kris,Gunnell,Aidarex Pharmaceuticals LLC
331,Florrie,Trass,Cintas Corp.
332,Neddy,Lammers,Unit Dose Services
333,Atlante,Cockshoot,North Safety Products LLC
334,Avictor,Woolstenholmes,Major Pharmaceuticals
335,Tamera,Tibbits,Greenstone LLC
336,Lenee,Whitty,Cardinal Health
337,Lucais,Yakov,Cadila Pharmaceuticals Limited
338,Lou,McMeeking,West Penetone Inc
339,Fabian,Mangenot,Perrigo New York Inc
340,Madelena,Faley,Perrigo New York Inc
341,Claudianus,Bassham,Apotheca Company
342,Dorice,Sertin,Rite Aid Corporation
343,Kimble,Peasegod,Universal Distribution Center LLC
344,Karlis,Bavridge,Barr Laboratories Inc.
345,Catie,Lorenz,United Exchange Corp
346,Heath,Pitkethly,Barr Laboratories Inc.
347,Allys,Chadwen,"Physicians Total Care, Inc."
348,Andrus,Lovelady,Fabrication Enterprises
349,Kelley,Attkins,"Gemini Laboratories, LLC"
350,Lilith,Espadero,Lake Erie Medical DBA Quality Care Products LLC
351,Fernandina,Dollman,"Hospira, Inc"
352,Fey,Abbett,Greenstone LLC
353,Keane,Ansley,"Physicians Total Care, Inc."
354,Mildrid,Grishaev,Marco Pharma International LLC.
355,Gill,Paumier,Pack Pharmaceuticals LLC
356,Orsa,Eye,Lake Erie Medical & Surgical Supply DBA Quality Care Products LLC
357,Junie,Brumwell,MEGASOL COSMETIC GMBH
358,Ab,Ponton,Pharmacia and Upjohn Company
359,Danit,Rampley,American Health Packaging
360,Eirena,Aitchinson,Uriel Pharmacy Inc.
361,Bambi,Butte,STAT RX USA LLC
362,Hunt,Gameson,"Depomed, Inc."
363,Berky,Keggins,Delon Laboratories (1990) Ltd
364,Jamil,Rhydderch,Cardinal Health
365,Gael,Yearns,Prasco Laboratories
366,Erastus,Wolver,American Health Packaging
367,Byran,Milkins,"Personal Care Products, Inc."
368,Megan,Grigoliis,Northstar RxLLC
369,Guglielma,Isgate,BJWC (Berkley & Jensen / BJ's)
370,Berkeley,D'Ambrosio,"Teva Parenteral Medicines, Inc."
371,Rriocard,Fraczek,Procter and Gamble Manufacturing Company
372,Susana,Stilldale,"Preferred Pharmaceuticals, Inc."
373,Michal,Rankine,"Graceway Pharmaceuticals, LLC"
374,Spencer,Legg,Unifirst First Aid Corporation
375,Chen,Tewnion,"Jiangsu Province JianErKang Medical Dressing Co. ,Ltd."
376,Quintana,Beaushaw,"Ventura Corporation (San Juan, P.R)"
377,Barbara-anne,Duignan,"Sato Pharmaceutical Co., Ltd."
378,Ev,Bentham3,Aurohealth LLC
379,Pammie,Greatbank,"Antigen Laboratories, Inc."
380,Ernestine,McNelly,Medtech Products Inc.
381,Dar,Wycliff,REMEDYREPACK INC.
382,Tine,Humpherson,"Allergy Laboratories, Inc."
383,Stinky,Hardman,"Ferndale Laboratories, Inc."
384,Frederick,Boldt,"Blu Pharmaceuticals, LLC"
385,Zitella,Foad,Target Corporation
386,Dukie,Jakucewicz,"Aurolife Pharma, LLC"
387,Laetitia,Pembridge,Rugby Laboratories Inc
388,Caren,Taig,Family Dollar Services Inc.
389,Gris,Tatem,"Sato Pharmaceutical Co., Ltd."
390,Birdie,Renehan,"Publix Supermarkets, Inc."
391,Cati,Tavinor,CAN Creations
392,Marlo,Pyburn,LUEN FOOK MEDICINE SDN. BHD.
393,Huberto,Shiril,"Antigen Laboratories, Inc."
394,Irvine,Saich,ALK-Abello A S
395,Rafa,Brecken,"AvKARE, Inc."
396,Courtenay,Stang-Gjertsen,Unifirst First Aid Corporation
397,Sarge,Deelay,Merck Sharp & Dohme Corp.
398,Ian,Ghiroldi,"Roberts Oxygen Company, Inc."
399,Humfrid,Hancke,Susanne Lang Fragrance Inc.
400,Gerda,Blades,"Watson Pharma, Inc."
401,Wilton,Hele,Apotex Corp.
402,Bryna,Musker,Molton Brown LTD (UK)
403,Marilee,Sarah,"Watson Laboratories, Inc."
404,Rheba,Clementson,Rodan & Fields LLC.
405,Dom,Bearfoot,BCM Ltd
406,Edmund,Saban,Rebel Distributors Corp.
407,Issiah,Winston,"Watson Laboratories, Inc."
408,Angil,Ivie,Par Pharmaceutical Inc.
409,Bianca,Blowin,sanofi-aventis U.S. LLC
410,Vernen,Pignon,Cantrell Drug Company
411,Kristi,Titchen,STAT Rx USA LLC
412,Tiebout,Ellum,Macleods Pharmaceuticals Limited
413,Kenon,Lochhead,"Dr. Dennis Gross Skincare, LLC"
414,Trueman,Laxtonne,Wakefern Food Corporation
415,Kaspar,Nuzzetti,"BioActive Nutritional, Inc."
416,Crystie,Gillett,"Watson Pharma, Inc."
417,Ardyce,Ogger,"Taro Pharmaceuticals U.S.A., Inc."
418,Abe,Crisall,"Physicians Total Care, Inc."
419,Leland,Ruggles,"Global Pharmaceuticals, Division of Impax Laboratories Inc."
420,Eadmund,Stennine,Novartis Consumer Health
421,Lawrence,Pero,"Eon Labs, Inc."
422,Tim,Boddy,Lonkey Overseas Inc.
423,Xerxes,Noor,Uriel Pharmacy Inc.
424,Carmelle,Grent,"Preferred Pharmaceuticals, Inc"
425,Gradey,Pattesall,"Janssen Pharmaceutical, Inc."
426,Daisi,Sondon,Bryant Ranch Prepack
427,Zorine,Chaikovski,NeoStrata Company Inc.
428,Hadria,Byrne,Lake Erie Medical & Surgical Supply DBA Quality Care Products LLC
429,Garnet,Spaunton,Cardinal Health
430,Fancy,Gilluley,Macleods Pharmaceuticals Limited
431,Renato,Arlow,Supervalu Inc
432,Aubert,Mackieson,Qualitest Pharmaceuticals
433,Meryl,Faccini,Heritage Pharmaceuticals Inc.
434,Rockey,Petchey,Hyland's
435,Jacky,Heller,"Oriental Home Sense Co., Ltd."
436,Jami,Marner,"Preferred Pharmaceuticals, Inc"
437,Jeni,Bownas,Medassure Inc.
438,Elihu,Verbeek,BioActive Nutritional
439,Ignatius,Munn,7-Eleven
440,Joya,Cattow,"Deseret Biologicals, Inc"
441,Allene,Barenskie,AMOREPACIFIC
442,Isak,Constanza,E. Fougera & Co. a division of Fougera Pharmaceuticals Inc.
443,Patrizia,Alphonso,Oceanside Pharmaceuticals
444,Edgar,Careless,"Aphena Pharma Solutions - Tennessee, LLC"
445,Minni,MacDuffie,Colgate-Palmolive
446,Chip,De Banke,"Pharmaceutical Associates, Inc."
447,Dot,Mickleborough,HOMEOLAB USA INC.
448,Elvis,Le Fleming,Publix Super Markets Inc
449,Archer,Arnecke,Western Family Foods Inc
450,Sawyer,Stowers,A-S Medication Solutions LLC
451,Gusti,Canter,"Mutual Pharmaceutical Company, Inc."
452,Cassandre,Alwell,"Liddell Laboratories, Inc."
453,Timoteo,D' Angelo,"Aidance Skincare & Topical Solutions, LLC"
454,Latrena,Hehnke,"Dispensing Solutions, Inc."
455,Dame,Parfitt,West-Ward Pharmaceutical Corp.
456,Bearnard,Pilsbury,Aldi Inc.
457,Rheba,Earngy,"MEDIWAY KOREA CO., LTD."
458,Gillan,Sisse,Zermat Internacional S.A. de C.V.
459,Grethel,Penkethman,"Physicians Total Care, Inc."
460,Carly,Moores,"FDN Enterprises, LLC"
461,Vin,Watt,"Taro Pharmaceuticals U.S.A., Inc."
462,Gracia,Mitchley,IASO Inc
463,Lexy,Shooter,"Hi-Tech Pharmacal Co., Inc."
464,Hendrik,Vasyutochkin,Ventura International LTD.
465,Rik,Gomez,"PD-Rx Pharmaceuticals, Inc."
466,Maren,Buck,"Hospira, Inc."
467,Andie,Scardefield,"Goldessence, Limited"
468,Jess,Arkcoll,"Caraco Pharmaceutical Laboratories, Ltd"
469,Abby,MacDearmont,Bryant Ranch Prepack
470,Maddalena,Le Friec,The Procter & Gamble Manufacturing Company
471,Shaine,Mallon,Burkhart Dental Supply Inc
472,Jeffry,Arnaudet,Procter and Gamble Manufacturing Company
473,Hesther,Riccardi,"B-Pharm, Inc dba Remedies Medical Equipment"
474,Waldemar,Roelvink,"Stratus Pharmaceuticals, Inc"
475,Chick,Treleven,REMEDYREPACK INC.
476,Radcliffe,Slowey,REMEDYREPACK INC.
477,Chrissy,Beaven,Major Pharmaceuticals
478,Electra,MacCoughan,Target Corporation
479,Rosalie,Angeau,McKesson
480,Olga,Teare,St Marys Medical Park Pharmacy
481,Thayne,Olifaunt,BluePoint Laboratories
482,Cayla,D'eathe,REMEDYREPACK INC.
483,Ringo,Peplay,Sagent Pharmaceuticals
484,Regine,Bacchus,The Webb Company
485,Taite,Bougourd,"Aphena Pharma Solutions - Tennessee, LLC"
486,Boote,Wortley,TRP Company
487,Catina,Shepherd,"Newton Laboratories, Inc."
488,Demetria,Breakwell,"Menper Distributors, Inc."
489,Silvano,Lundy,CVS Pharmacy
490,Miof mela,Biffen,"Tom's of Maine, Inc."
491,Elise,Vlasenkov,SPAI-SONS PHARMACEUTICAL INTERNATIONAL COSMETICS
492,Maxine,Kislingbury,Carilion Materials Management
493,Penn,De Bruyn,"Skin Sake, LLC"
494,Marcellina,Guillart,Pfizer Laboratories Div Pfizer Inc.
495,Cece,Pendock,Mylan Pharmaceuticals Inc.
496,Filia,Jebb,Rebel Distributors Corp.
497,Garret,Willes,"Nelco Laboratories, Inc."
498,Sigismond,Lazell,"MedVantx, Inc."
499,Sonny,Margetson,Kinray LLC
500,Kirbee,Ebben,"LIFElabs, a Division of Atico International, USA, INC."
501,Silvano,Holberry,American Sales Company
502,Sapphira,MacCartney,"Physicians Total Care, Inc."
503,Cheslie,Sunnucks,Contract Pharmacy Services-PA
504,Adorne,Chastel,CVS Pharmacy
505,Wynne,Vicioso,"Genuine First Aid, LLC"
506,Roanne,Ofener,Blistex Inc.
507,Harmonie,Planque,"Nelco Laboratories, Inc."
508,Wendall,Kryska,"Smith & Nephew, Inc."
509,Augusto,Hutcheson,Summers Laboratories Inc
510,Carissa,Fellowes,Natural Health Supply
511,Tybalt,Bennie,Roerig
512,Karim,Elphee,Kmart Corporation
513,Arabella,Bossom,"Deseret Biologicals, Inc."
514,Floria,Fossick,Jafra Cosmetics International Inc
515,Celia,Mollen,A-S Medication Solutions LLC
516,Maury,Calafate,"Ningbo Dowland Daily Health Co., Ltd"
517,Averil,Abba,Home Sweet Homeopathics
518,Berkie,Musgrove,Mary Kay Inc.
519,Arv,Anglin,"Lampton Welding Supply Company, Inc"
520,Brandise,Raubenheimer,Virtus Pharmaceuticals
521,Gill,Dimnage,"Smith & Nephew, Inc."
522,Adolphe,Lysaght,"Golden Sunshine International, Inc."
523,Lazar,Sander,"United-Guardian, Inc."
524,Andriette,Bane,State of Florida DOH Central Pharmacy
525,Keely,Breslin,Noxell
526,Fidela,Twinborne,Mylan Pharmaceuticals Inc.
527,Godard,Poyntz,UCB Farchim S.A.
528,Frederico,Liggins,DENISON INC
529,Minetta,Langworthy,Hyland's
530,Joete,Yendall,Uriel Pharmacy Inc.
531,Aguste,Caress,Neutrogena Corporation
532,Rosaline,Robertucci,Sandoz Inc
533,Hanni,Leavry,"H and P Industries, Inc. dba Triad Group"
534,Prissie,Fawson,AstraZeneca LP
535,Brander,Hissie,"Deb USA, Inc."
536,Bianka,Commuzzo,Best Choice (Valu Merchandisers Company)
537,Tamas,MacAlinden,"Preferred Pharmaceuticals, Inc"
538,Link,Digance,WOCKHARDT USA LLC.
539,Samuele,Birdsall,King Bio Inc.
540,Consuelo,Navan,Citron Pharma LLC
541,Agnola,Moar,7-Eleven
542,Katerina,Batrop,CVS Pharmacy
543,Ashil,Buckwell,Cardinal Health
544,Beatrix,Fitter,"Deseret Biologicals, Inc."
545,Devi,Griffe,J. A. Cosmetics U.S. INC
546,Gerry,Boick,Alcon Research Ltd
547,Lola,Titcombe,Celgene Corporation
548,Ketty,Leipnik,Stat Rx USA
549,Eugenie,Snipe,"Acella Pharmaceuticals, LLC"
550,Aguie,Bimson,The Wellness Center
551,Demetris,McColl,Mondelez Global LLC
552,Eddie,Baugham,"Medline Industries, Inc."
553,Lorene,Tick,National Distribution Network (Smart Choice)
554,Gael,Airlie,Chemco Corporation
555,Armin,McCosker,"Jets, Sets, & Elephants Beauty Corp."
556,Waly,Zebedee,KAISER FOUNDATION HOSPITALS
557,Emmi,Duckit,Jubilant HollisterStier LLC
558,Garrett,Canacott,sanofi-aventis U.S. LLC
559,Marcelle,Keeton,Major Pharmaceuticals
560,Celestina,Doust,"Concept Laboratories, Inc."
561,Katherina,Gwillyam,Merck Sharp & Dohme Corp.
562,Cicily,Gornar,Target Corporation
563,Dido,Clyma,"Nelco Laboratories, Inc."
564,Chrystel,Honatsch,"Physicians Total Care, Inc."
565,Sabra,Hook,"Global Pharmaceuticals, Division of Impax Laboratories Inc."
566,Ardra,Pitbladdo,"SJ Creations, Inc."
567,Locke,Pedler,REMEDYREPACK INC.
568,Kinsley,Fasson,ViroPharma Biologics
569,Pen,Mateus,"NCS HealthCare of KY, Inc dba Vangard Labs"
570,Alexandr,Oldknow,Rx Pak Division of McKesson Corporation
571,Chickie,Hughesdon,Proficient Rx LP
572,Mendie,Letcher,AbbVie Inc.
573,Abbe,Joutapaitis,Mylan Institutional Inc.
574,Ryon,Gery,"Graceway Pharmaceuticals, LLC"
575,Artemas,McNaughton,KJI Industrial Co Ltd
576,Myrtia,Cyster,"ALK-Abello, Inc."
577,Davy,Waldie,"Camellix, LLC"
578,Karel,Castelot,Healing Natural Oils LLC
579,Amii,Girling,Neutrogena Corporation
580,Clemmy,McPhail,Conopco Inc. d/b/a Unilever
581,Elden,Conigsby,"The Man Can, LLC"
582,Suki,Burdus,Kroger Company
583,Rod,Brockley,Cardinal Health
584,Katha,Johnston,DZA Brands LLC
585,Krista,Harvie,Hannaford Brothers Company
586,Miriam,Jerzyk,CVS Pharmacy
587,Sharron,Gridley,"LG Household and Healthcare, Inc."
588,Denys,Gorringe,"SJ Creations, Inc."
589,Patty,Raubenheim,"Hospira, Inc."
590,Myrah,Quinn,"Mycone Dental Supply Co., Inc DBA Keystone Industries and Deepak Products Inc."
591,Murdoch,Ogilby,"Newton Laboratories, Inc."
592,Natale,Worsnap,Banner Pharmacaps
593,Jeralee,Ferruzzi,McKesson (Sunmark)
594,Vin,Seiler,Cardinal Health
595,Thayne,Cartmell,"Actavis Pharma, Inc."
596,Ethelyn,Kippie,"KVK-Tech, Inc."
597,Koo,Points,Publix Super Markets Inc
598,Jenn,Kamen,"Covis Pharmaceuticals, Inc."
599,Caralie,Mahody,Rite Aid
600,Freedman,Balcers,Rebel Distributors Corp
601,Staffard,Berendsen,"Nelco Laboratories, Inc."
602,Dyanne,Riply,"Qualitest Pharmaceutical, Inc."
603,Valentia,Dreinan,"Blu Pharmaceuticals, LLC"
604,Caro,Faiers,"NCS HealthCare of KY, Inc dba Vangard Labs"
605,Branden,Tappington,"Aaron Industries, Inc."
606,Archer,de Keyser,GREENBRIER INTERNATIONAL
607,Essie,Kinkaid,Cardinal Health
608,Gabbey,Gumey,CVS Pharmacy
609,Jolee,Dani,Kroger
610,Sheela,Nerger,"Physicians Total Care, Inc."
611,Hestia,Glas,APOLLO HEALTH AND BEAUTY CARE
612,Kim,Waldock,"ASSURED / DOLLAR TREE (Greenbrier International, Inc.)"
613,Stanford,Schutter,State of Florida DOH Central Pharmacy
614,Minnaminnie,Tankard,Gurwitch Products
615,Nelly,Trevain,Central Solutions Inc
616,Celia,Broggini,Institutional Care Pharmacy
617,Bartholemy,Lampel,"Hospira, Inc."
618,Emilia,Blabie,"Newton Laboratories, Inc."
619,Roslyn,Eeles,Procter & Gamble Manufacturing Company
620,Alfi,Shearman,"Dispensing Solutions, Inc."
621,Gherardo,Hazeup,"Watson Laboratories, Inc."
622,Stormie,Tully,Guthy-Renker LLC
623,Deena,Balasin,"Unichem Pharmaceuticals (USA), Inc."
624,Ferdie,Causon,Laboratory Supply Company
625,Mame,Corradini,McKesson
626,Cammi,Stefanovic,"Physicians Total Care, Inc."
627,Lazare,Corkish,"Boca Pharmacal, LLC"
628,Tabitha,Vann,MEGASOL COSMETIC GMBH
629,Whitney,Yuryichev,"Antigen Laboratories, Inc."
630,Wendy,Paddington,NARTEX LABORATORIOS HOMEOPATICOS SA DE CV
631,Marilee,Doudny,TYA Pharmaceuticals
632,Chev,Bloore,"Xiamen Anna Global Co., Ltd"
633,Cody,Syne,Aurobindo Pharma Limited
634,Cindelyn,Scocroft,REMEDYREPACK INC.
635,Alon,Marriot,"Glenmark Generics Inc., USA"
636,Carrie,Van Arsdall,Hyland's
637,Lemar,Ivkovic,Uriel Pharmacy Inc.
638,Rafael,Babe,"Konsyl Pharmaceuticals, Inc."
639,Bondon,Ingall,VVF Illinois Services LLC
640,Nero,Brecher,"Nelco Laboratories, Inc."
641,Noby,Sollars,CARDINAL HEALTH
642,Brandea,Kleynen,Lake Erie Medical & Surgical Supply DBA Quality Care Products LLC
643,Chase,Fleeman,KAISER FOUNDATION HOSPITALS
644,Phaedra,Shambroke,"Deseret Biologicals, Inc."
645,Robena,Guess,H E B
646,Louisa,Tillyer,"Cephalon, Inc."
647,Stacee,Nisot,American Sales Company
648,Edgard,Muldoon,Kamins Dermatologics Inc.
649,Desdemona,Skerrett,"Liberty Pharmaceuticals, Inc."
650,Birk,Bullock,"Robinson Pharma, Inc."
651,Hebert,Segge,"TAGI Pharma, Inc."
652,Cory,Dunsmore,RITE AID CORPORATION
653,Shandee,Grigson,Rite Aid Corporation
654,Shay,Pestell,REMEDYREPACK INC.
655,Berkley,Janus,Similasan Corporation
656,Richie,Mortlock,Merz Aesthetics. Inc
657,Carlynne,Buzza,"Bath & Body Works, Inc."
658,Shanon,Coogan,State of Florida DOH Central Pharmacy
659,Letisha,Canet,Ecolab Inc.
660,Keefe,Laybourn,Rebel Distributors Corp.
661,Alard,Graveston,Cardinal Health
662,Gussie,Dummer,Major Pharmaceuticals
663,Cathy,Cheak,"Altura Pharmaceuticals, Inc."
664,Tyrone,Wiburn,Laboratoires Clarins S.A.
665,Johnath,Moyes,Unique Holding Group Inc
666,Kip,Hedlestone,Mylan Institutional Inc.
667,Rustie,Wildbore,"MedVantx, Inc."
668,Elliott,Powley,American Sales Company
669,Cyb,Yuryev,P.S.W. INC.
670,Dody,Warkup,Washington Homeopathic Products
671,Debby,Upward,"Bowon Dental Co., Ltd"
672,Teodoro,Buchan,REMEDYREPACK INC.
673,Eolanda,Ingyon,Prasco Laboratories
674,Hyacinthe,Schaben,Fresenius Medical Care North America
675,Zuzana,Decreuze,AstraZeneca Pharmaceuticals LP
676,Grete,Gerlack,"International Labs, Inc."
677,Deina,Ferro,AMOREPACIFIC
678,Walsh,Yellowley,Family Dollar
679,Ingeborg,Housecroft,L'Oreal USA Products Inc
680,Paige,Fandrey,State of Florida DOH Central Pharmacy
681,Modesty,Doulton,Home Sweet Homeopathics
682,Noll,Morrison,"Lupin Pharmaceuticals, Inc."
683,Cirillo,Pfaffel,Amarin Pharma Inc.
684,Flory,Diamond,Kmart Corporation
685,Jone,Dedon,"Peaceful Mountain, Inc."
686,Hettie,Izat,"CCA Industries, Inc."
687,Henderson,Barnsdale,Valeant Pharmaceuticals North America LLC
688,Horton,Jelly,Janssen Products LP
689,Auguste,Mellor,"Ventura Corporation (San Juan, P.R)"
690,Nessy,Andreu,Heel Inc
691,Randi,Krienke,"Blenheim Pharmacal, Inc."
692,Arly,Portis,Lake Erie Medical DBA Quality Care Products LLC
693,Gena,Snuggs,STAT RX USA LLC
694,Lincoln,Ambroz,Gate Pharmaceuticals
695,Dari,Garnul,"Physicians Total Care, Inc."
696,Lynnett,Morffew,"Bio-Pharm, Inc."
697,Ruy,Nanni,Lake Erie Medical DBA Quality Care Products LLC
698,Ardelis,Stickells,"General Injectables & Vaccine, Inc"
699,Lemuel,Shave,Sandoz Inc
700,Melisandra,McGruar,"Deb USA, Inc."
701,Dotty,Wolvey,"Teva Parenteral Medicines, Inc."
702,Bord,Bernadon,"AvKARE, Inc."
703,Eliza,Abrams,RedPharm Drug Inc.
704,Galvin,Blankley,Uriel Pharmacy Inc.
705,Haywood,Broker,Boehringer Ingelheim Pharmaceuticals Inc.
706,Ty,Awmack,Cantrell Drug Company
707,Malorie,Peach,Baxter Healthcare Corporation
708,Juliana,Alywin,Parfums Christian Dior
709,Travers,Reddyhoff,"Physicians Total Care, Inc."
710,Delcina,Scandrick,Guthy-Renker LLC
711,Roseline,Lumb,"APP Pharmaceuticals, LLC"
712,Gerry,Paumier,"Nelco Laboratories, Inc."
713,Dedie,Cottis,"APP Pharmaceuticals, LLC"
714,Stefa,Mercey,"SPIRIT PHARMACEUTICALS,LLC"
715,Dalenna,Varnham,Greenbrier International
716,Dorothy,Beddard,Guerbet LLC
717,Winfred,Smoughton,"Synergy Formulas, Inc."
718,Everard,Succamore,CHANEL PARFUMS BEAUTE
719,Dar,Allsep,"L.N.K. International, Inc."
720,Bartram,Pardue,Cardinal Health
721,Murray,Behrendsen,Amedra Pharmaceuticals LLC
722,Steffen,de Zamora,REMEDYREPACK INC.
723,Sydelle,Torry,"Roxane Laboratories, Inc"
724,Cindelyn,Streat,Covis Pharmaceuticals Inc
725,Ellen,Hornig,"Physicians Total Care, Inc."
726,Trixy,Yanshinov,Carilion Materials Management
727,Karylin,Matusovsky,Empack Spraytech Inc.
728,Sharyl,Batchley,Cardinal Health
729,Dominique,Kinvan,"Golden State Medical Supply, Inc."
730,Morey,Reeds,"Bolero Home Decor, Inc."
731,Alvan,Sorbie,Select Brand
732,Alexis,Trevino,"iNova Pharmaceuticals Pty, Ltd"
733,Arvie,McClaurie,STAT RX USA LLC
734,Caryl,McLaggan,"Hi-Tech Pharmacal Co., Inc."
735,Jonell,Cancellieri,"PD-Rx Pharmaceuticals, Inc."
736,Zulema,Crockett,Sagent Pharmaceuticals
737,Elka,Glandfield,"Roxane Laboratories, Inc"
738,Terencio,Ricold,Apotheca Company
739,Layney,Woolaghan,"Lannett Company, Inc."
740,Elna,McAleese,"Golden State Medical Supply, Inc."
741,Jocelyne,Lympenie,American Health Packaging
742,Aeriela,Ashborne,"Colomer USA, Ltd."
743,Pauline,Raylton,Bayer HealthCare Pharmaceuticals Inc.
744,Courtnay,Christofle,"Western Family Foods, Inc"
745,Carey,Phillcox,A-S Medication Solutions LLC
746,Abbie,Piggott,Larasan Pharmaceutical Corporation
747,Catina,Knifton,"Noven Therapeutics, LLC"
748,Randa,Niven,"Coastal Med Tech, Inc."
749,Modestine,Varfalameev,GERITREX CORP
750,Fredric,Meldon,Accord Healthcare Inc.
751,Baillie,Seiller,"Allergy Laboratories, Inc."
752,Moira,Plunket,Uriel Pharmacy Inc.
753,Kirstin,Batcock,"Nelco Laboratories, Inc."
754,Aeriel,Spurgeon,Jubilant HollisterStier LLC
755,Billy,Narramore,Rebel Distributors Corp
756,Lamond,Le feaver,McKesson Packaging Services a buisness unit of McKesson Corporation
757,Della,Archbald,REMEDYREPACK INC.
758,Melloney,Gratland,West-ward Pharmaceutical Corp.
759,Verine,Jedrzejczyk,"Deseret Biologicals, Inc"
760,Mel,Palmar,"American Regent, Inc."
761,Karmen,Mewitt,Lake Erie Medical DBA Quality Care Products LLC
762,Meta,Nelligan,"Coastal Welding Supply, Inc."
763,Lawry,Bakewell,"ALK-Abello, Inc."
764,Delilah,Rembaud,Tri-Coastal Design Company Inc.
765,Kelli,Holwell,"Dolgencorp, LLC"
766,Westbrooke,Curteis,Bayer HealthCare Pharmaceuticals Inc.
767,Dare,Harteley,Preferred Plus (Kinray)
768,Ozzie,M'Quharg,Pierre Fabre Dermo Cosmetique
769,Linc,Flade,Good Neighbor Pharmacy
770,Nessa,Bastistini,"Fortune Hi-Tech Marketing, Inc"
771,Giulietta,Ulyet,Sanum Kehlbeck GmbH & Co. KG
772,Simona,Alberti,"Prime Packaging, Inc."
773,Kahlil,Gloyens,Western Family Foods Inc
774,Dwight,Elger,"Physicians Total Care, Inc."
775,Millie,Dewar,REMEDYREPACK INC.
776,Glennis,Kerrane,Pfizer Consumer Healthcare
777,Dayna,Pinyon,Parfums Christian Dior
778,Fairlie,Gergus,Clinical Solutions Wholesale
779,Olivier,Bleier,Rebel Distributors Corp
780,Patty,Sharland,DENTOVATIONS INC
781,Louie,Honeyghan,Ventura International LTD.
782,Jorrie,Niezen,REMEDYREPACK INC.
783,Winthrop,McCrum,Uriel Pharmacy Inc.
784,Reube,Bickerdyke,"First Aid Beverages, Inc."
785,Ilyse,Eschalotte,REMEDYREPACK INC.
786,Lotte,Faires,HANBANGMEIN COSMETICS
787,Tabby,Rhyme,Natural Health Supply
788,Eyde,Jemison,STAT RX USA LLC
789,Rhonda,Polamontayne,"Amneal-Agila, LLC"
790,Jodie,Pavinese,Cardinal Health
791,Marnia,O'Sculley,Cardinal Health
792,Jorge,Keppe,Walgreens
793,Lock,Swett,Publix Super Markets Inc
794,Rosalyn,Growy,Kay Chemical Company
795,Lura,Wheelhouse,STAT Rx USA LLC
796,Daisi,Lawless,PuraVation Pharmaceuticals Inc
797,Karoline,Cosin,"BioActive Nutritional, Inc."
798,Darya,Musso,"Physicians Total Care, Inc."
799,Faber,Everill,"Prince of Peace Enterprises, Inc."
800,Miof mela,Wilks,Accord Healthcare Inc.
801,Katalin,Daughtery,"Eagle Distributors,Inc."
802,Amandi,Ridde,"Praxair Distribution, Inc."
803,Arliene,Speechly,"Professional Disposables International, Inc."
804,Rockwell,Rachuig,"Glenmark Generics Inc., USA"
805,Mahalia,Kerbey,A-S Medication Solutions LLC
806,Krisha,Geer,Kroger Company
807,Rogers,Klimke,"Falcon Pharmaceuticals, Ltd."
808,Mitchel,Keirle,Clinical Solutions Wholesale
809,Thalia,MacDunleavy,"Golden State Medical Supply, Inc."
810,Emelina,Yaakov,Qualitest Pharmaceuticals
811,Anton,Harcarse,Target Corporation
812,Orlan,Volkers,Rebel Distributors Corp
813,Wenonah,Endean,AvPAK
814,Farr,Scattergood,AMOREPACIFIC
815,Chad,Inskipp,"Nelco Laboratories, Inc."
816,Gianna,Viles,"Medline Industries, Inc."
817,Dominica,Pack,"APP Pharmaceuticals, LLC"
818,Cristiano,Cradey,Ohm Laboratories Inc.
819,Arch,Ealam,Apotheca Company
820,Farrah,Ferns,"Amphastar Pharmaceuticals, Inc."
821,Barb,Aisthorpe,Apotex Corp.
822,Mathew,Oldford,Ratiopharm Inc
823,Harland,Gollard,"Physicians Total Care, Inc."
824,Karyl,Watford,"Allergy Laboratories, Inc."
825,Kristel,Bortoli,"Roxane Laboratories, Inc"
826,Artair,Mordin,"Mission Hills, S.A. de C.V."
827,Micaela,Siaspinski,"Newton Laboratories, Inc."
828,Millard,Biffen,E-Z-EM Canada Inc
829,Kale,Brigham,Cardinal Health
830,Florina,Kerrane,McKesson
831,Darsie,Fuzzard,Zydus Pharmaceuticals (USA) Inc.
832,Selma,Orum,HEB
833,Gordy,Durand,Bryant Ranch Prepack
834,Debera,Warburton,STAT RX USA LLC
835,Adora,Hamlen,State of Florida DOH Central Pharmacy
836,Nadya,Lebbern,Nomax Inc.
837,Radcliffe,Rohlfing,Rugby Laboratories Inc.
838,Georgianne,Iwanowicz,AMOREPACIFIC
839,Kellyann,Pre,Combe Incorporated
840,Bald,Bengal,Carilion Materials Management
841,Elane,Eva,"Pharmaceutica North America, Inc."
842,Durward,Lamzed,"Arbor Pharmaceuticals, Inc."
843,Morlee,Wiggam,CVS Pharmacy
844,Julianna,Yablsley,"Method Pharmaceuticals, Inc."
845,Abbott,Nevill,"Matrixx Initiatives, Inc."
846,Delano,Kenningley,Chain Drug Marketing Association Inc.
847,Prue,Manssuer,"Watson Laboratories, Inc."
848,Ashleigh,Philipson,McKesson
849,Pavla,Orritt,Landy International
850,Ceciley,Rois,REMEDYREPACK INC.
851,Meridel,Scrauniage,"Nelco Laboratories, Inc."
852,Chick,Chidwick,AR Medicom Inc
853,Margaux,Denge,Portal Pharmaceutical
854,Hayyim,Sahlstrom,Ranbaxy Laboratories Inc.
855,Laetitia,Langstrath,Conopco Inc. d/b/a Unilever
856,Sisely,Brickham,"Taro Pharmaceuticals U.S.A., Inc."
857,Myrwyn,McGenn,Novartis Pharmaceuticals Corporation
858,Al,Cranham,Rebel Distributors Corp.
859,Jose,Friman,Dr.Reddy's Laboratories Limited
860,Cariotta,Elsbury,"Lupin Pharmaceuticals, Inc."
861,George,Kanter,"NCS HealthCare of KY, Inc dba Vangard Labs"
862,Stephan,Dancy,Rebel Distributors Corp
863,Grange,Freed,Carilion Materials Management
864,Granger,Bushell,The Dial Corporation
865,Estella,McRamsey,"Nelco Laboratories, Inc."
866,Gayler,Longfellow,"DOLGENCORP, LLC"
867,Obidiah,Wisher,RITE AID CORPORATION
868,Maggie,D'Alessio,Pfizer Laboratories Div Pfizer Inc.
869,Hilly,Torrie,Topco Associates LLC
870,Ranee,Burdess,Neutrogena Corporation
871,Orelia,Veschi,"THEFACESHOP CO., LTD."
872,Jackqueline,Innocenti,Ventura International LTD
873,Hodge,Willerstone,Carilion Materials Management
874,Morley,Castelain,Gland Pharma Limited
875,Olympe,Crook,"EDWARDS PHARMACEUTICALS, INC."
876,Patrizio,Ierland,"Dermalogica, Inc."
877,Kikelia,Piola,The Mentholatum Company
878,Eryn,Kerfod,Unit Dose Services
879,Gabbie,Squires,"Antigen Laboratories, Inc."
880,Roderich,Nelson,"Pure Process Medical & Scientific Gases, LLC"
881,Lyndy,Longhurst,Aurobindo Pharma Limited
882,Maddy,Cowpertwait,Premier Value
883,Oran,Prettyjohn,Rebel Distributors Corp
884,Hamlen,Moreside,The Body Shop Wake Forrest
885,Derry,Kindred,"MIX & MATCH CO., LTD."
886,Pattie,Paulig,Eduard Gerlach GmbH
887,Zuzana,Sarfatti,Prodigy Health Supplier
888,Lewiss,Quinnette,"ALK-Abello, Inc."
889,Arlin,Zoppie,A-S Medication Solutions LLC
890,Nolan,Mosco,SUPERVALU INC.
891,Aeriela,Crowe,Western Family Foods Inc
892,Rip,Jerrold,"GOJO Industries, Inc."
893,Vicky,Treagust,Aidarex Pharmaceuticals LLC
894,Corrine,Mate,"Hospira, Inc."
895,Modestine,Minchell,Prasco Laboratories
896,Gerhardt,Westmerland,West-Ward Pharmaceutical Corp
897,Casey,Bampton,Teva Pharmaceuticals USA Inc
898,Dorris,Etty,REMEDYREPACK INC.
899,Nanci,Lanfranchi,"Aphena Pharma Solutions - Tennessee, LLC"
900,Tamqrah,Sheardown,Merck Sharp & Dohme Corp.
901,Benedict,Ullyatt,Apotheca Company
902,Coletta,Spratley,International Cosmetics Ltd.
903,Astra,Lowless,"Melaleuca, Inc."
904,Linnie,Francescuccio,Napoleon Perdis Cosmetics
905,Jeane,Tarbatt,Wyeth Consumer Healthcare
906,Buiron,Wainwright,"TOLMAR Pharmaceuticals, Inc."
907,Gretna,Disdel,Vi-Jon
908,Adele,Fellows,REMEDYREPACK INC.
909,Herculie,Shearme,"Morton Grove Pharmaceuticals, Inc."
910,Abner,Newvell,Major Pharmaceuticals
911,Butch,Keightley,Lake Erie Medical & Surgical Supply DBA Quality Care Products LLC
912,Sindee,Kleynermans,Mylan Pharmaceuticals Inc.
913,Evy,Ridges,"Mutual Pharmaceutical Company, Inc."
914,Murielle,Kachel,"Antigen Laboratories, Inc."
915,Dennis,Danels,Hyland's
916,Grantley,Dibben,"MAGNA Pharmaceuticals, Inc."
917,Elle,Charlton,"Menper Distributors, Inc."
918,Georgie,Amburgy,"Caraco Pharmaceutical Laboratories, Ltd."
919,Annadiane,Lownds,Parke-Davis Div of Pfizer Inc
920,Killie,Serjeantson,Lake Erie Medical DBA Quality Care Products LLC
921,Blancha,Penritt,CVS Pharmacy
922,Chastity,Beirne,UNITED EXCHANGE CORP
923,Hally,Stannering,"Tarte, Inc"
924,Rosalie,Lambrechts,Sun Pharma Global FZE
925,Nerita,Howison,"Kinray, Inc"
926,Stearn,Laise,"NSE Products, Inc."
927,Ibby,Easey,"Lorac Cosmetics, Inc."
928,Rees,Purkiss,REMEDYREPACK INC.
929,Consalve,Blodg,Procter & Gamble Manufacturing Company
930,Loutitia,Lockhart,"Blu Pharmaceuticals, LLC"
931,Florence,Lundberg,Akorn
932,Aldus,Sivior,Lundbeck LLC
933,Daloris,Strangeways,Fresno Oxygen and Welding Suppliers
934,Charity,Tellenbach,Procter and Gamble Manufacturing Company
935,Augie,Ellen,"Physicians Total Care, Inc."
936,Pammy,Landeg,"Nelco Laboratories, Inc."
937,Thayne,Drew-Clifton,American Health Packaging
938,Peri,Duckham,Wockhardt USA LLC.
939,Michael,Blaycock,Major Pharmaceuticals
940,Corly,Lapree,"Avon Products, Inc."
941,Casi,Kleyn,"Physicians Total Care, Inc"
942,Farleigh,Bogays,Pharmacia and Upjohn Company
943,Teodoor,Skerm,"Sun & Skin Care Research, LLC"
944,Dolley,Perryman,"Richmond Pharmaceuticals, Inc."
945,Carmelia,Werrett,"H.J. Harkins Company, Inc."
946,Fiann,Ridewood,"Lupin Pharmaceuticals, Inc."
947,Malissia,Starzaker,"Accra-Pac, Inc."
948,Isobel,Brown,RedPharm Drug Inc.
949,Kim,Chamney,RITE AID CORPORATION
950,Alana,Ruston,Procter & Gamble Manufacturing Company
951,Nolan,Garlant,BTA Pharmaceuticals
952,Janeta,Sowley,"Newton Laboratories, Inc."
953,Harrie,Speariett,"Golden State Medical Supply, Inc."
954,Cloris,Vidineev,"H.J. Harkins Company, Inc."
955,Veronique,Catonne,"Nelco Laboratories, Inc."
956,Meade,Haestier,"Poly Pharmaceuticals, Inc."
957,Noe,Caskie,"Nelco Laboratories, Inc."
958,Danny,Willett,REMEDYREPACK INC.
959,Maiga,Fane,ProBLEN
960,Joseito,Setterfield,"Nelco Laboratories, Inc."
961,Hannie,Trafford,"Elizabeth Arden, Inc"
962,Steffi,MacNair,"Preferred Pharmaceuticals, Inc"
963,Georgine,Habishaw,Uriel Pharmacy Inc.
964,Missy,Earnshaw,AvPAK
965,Merridie,Simione,"JUBILANT CADISTA PHARMACEUTICALS, INC."
966,Garvy,Seymark,Reckitt Benckiser LLC
967,Sergei,Foan,Major Pharmaceuticals
968,Shirlene,Howgate,State of Florida DOH Central Pharmacy
969,Dara,Smitherman,"Safecor Health, LLC"
970,Hannis,Kalvin,BJWC
971,Maurizia,Vickerman,Pharmacia and Upjohn Company
972,Jaquenette,Janes,"Paddock Laboratories, LLC"
973,Ursulina,Nobes,"PD-Rx Pharmaceuticals, Inc."
974,Etan,Wraight,"Pharmicell Co., Ltd."
975,Marnie,Veazey,NASH-FINCH COMPANY
976,Neale,Prene,Major Pharmaceuticals
977,Tatum,Revans,BluePoint Laboratories
978,Marrissa,Rubin,Pharmacia and Upjohn Company
979,Maureen,Paulus,CHAIN DRUG MARKETING ASSOCIATION INC
980,Denny,Frowde,Topco Associates LLC
981,Darill,Trevascus,G.D. Searle LLC Division of Pfizer Inc
982,Meaghan,Jones,Merck Sharp & Dohme Corp.
983,Maurizio,Glazyer,"Altura Pharmaceuticals, Inc."
984,Doyle,Hedaux,Rite Aid Corporation
985,Rennie,Kinnerk,"SHISEIDO CO., LTD."
986,Angeli,Chomicki,CVS Pharmacy
987,Cynde,Thame,Accord Healthcare Inc.
988,Davey,Meys,"BioActive Nutritional, Inc."
989,Renate,Castleton,Cardinal Health
990,Jefferson,Missington,Procter & Gamble Manufacturing Company
991,Faina,Shah,"Avon Products, Inc"
992,Rourke,McIlvaney,"IVAX Pharmaceuticals, Inc."
993,Felipa,Saldler,"Caraco Pharmaceutical Laboratories, Ltd."
994,Woodie,Holah,"Elizabeth Arden, Inc"
995,Allison,Esherwood,Torrent Pharmaceuticals Limited
996,Hayden,Bodker,Ventura Corporation LTD.
997,Egbert,Marchment,"AvKARE, Inc."
998,Pammie,Bennedick,"Preferred Pharmaceuticals, Inc."
999,Giuseppe,Ferrettini,SUPERVALU INC.
1000,Sylvia,Lipgens,REMEDYREPACK INC.
