id,name,gender,salary
1,Jeanie,fm,446833
2,Poul,m,597923
3,Jonis,m,405672
4,Nellie,fm,742674
5,Sibbie,fm,35890
6,Lolly,m,539373
7,Gertrudis,m,325454
8,Rosemary,fm,245874
9,Craggy,m,440198
10,Kacey,m,526049
11,Clayborne,fm,545958
12,Blancha,m,743843
13,Hill,m,400054
14,Jody,fm,655704
15,Chucho,m,631760
16,Giralda,m,250420
17,Boyd,m,167902
18,Karoline,m,222133
19,Essy,m,197164
20,Felicdad,fm,414084
21,Silvana,fm,435564
22,Rickey,m,527563
23,Carolyn,fm,39913
24,Lukas,fm,653497
25,Hamid,fm,283783
26,Clemente,m,298866
27,Lancelot,m,369872
28,Dave,fm,173257
29,Jerrome,fm,405619
30,Joey,fm,580714
31,Marya,m,517140
32,Rasia,fm,247628
33,Wynnie,m,668157
34,Koral,fm,146455
35,Brigitta,m,399920
36,Teodoro,m,327605
37,Guthry,m,733380
38,Valentine,m,524035
39,Christy,fm,619450
40,Thaine,m,389016
41,Charissa,fm,470747
42,Renado,m,287681
43,Neville,fm,671228
44,Leesa,fm,618556
45,Kaye,m,376217
46,Waly,fm,94013
47,Chelsea,m,468002
48,Demeter,fm,164131
49,Trixie,fm,33509
50,Reese,fm,529807
51,Jilly,fm,729758
52,Mandy,fm,264505
53,Saundra,fm,510819
54,Waldon,fm,694977
55,Feodor,fm,572173
56,Grant,fm,641734
57,Eula,fm,219042
58,Skylar,m,745136
59,Koressa,fm,673215
60,Selene,m,462456
61,Minne,m,399472
62,Stace,m,532301
63,Enoch,fm,39311
64,Karlen,m,705337
65,Cassaundra,m,328534
66,Rodi,m,620662
67,Richie,m,58178
68,Kelley,fm,587615
69,Sephira,fm,531552
70,Lavena,fm,589599
71,Cirilo,m,54715
72,Donnell,m,508481
73,Guy,m,455719
74,Lanny,fm,241128
75,Alfie,fm,620058
76,Letizia,fm,458890
77,Chris,fm,30711
78,Joly,fm,707765
79,Emyle,fm,360739
80,Alix,fm,594357
81,Errick,m,561519
82,Beryle,m,410741
83,Cassandra,fm,242400
84,Cleveland,fm,109457
85,Catherina,fm,149699
86,Brennen,m,708115
87,Valentijn,fm,163680
88,Carly,fm,178841
89,Wittie,m,26937
90,Rustin,fm,375032
91,Karilynn,fm,624909
92,Chicky,m,639146
93,Eal,m,544062
94,Courtney,m,211677
95,Rosana,m,687330
96,Darby,m,721190
97,Alford,fm,235313
98,Kip,fm,399422
99,Fleming,m,691088
100,Eward,fm,614045
