f_name,l_name
Mamie,Treharne
Erv,Colam
Daren,Salliss
Vania,Laundon
Jay,Kees
Modestia,Dobbing
Francis,Dunaway
Phoebe,Warboys
Lira,Adrienne
Catlin,Bouette
Nathanil,Rickeard
Antoine,Marvelley
Elton,Sharphurst
Diarmid,Maddick
Marcellus,Mitskevich
Lidia,Jenman
Vite,Rew
Cairistiona,Howbrook
Billie,Mabbott
Minor,Fullerd
Lorant,Duckels
Indira,Hollyland
Ave,Raeburn
Shirlene,Keeffe
Glori,Jencken
Hilarius,Borgesio
Fionna,Mortlock
Giustina,Qualtrough
Kania,Mottinelli
Andriette,Biaggioli
Hagan,McDonnell
Rici,Vasilevich
Osborn,Cavilla
Pen,Berdale
Aurelea,Bifield
Dyanne,Cheverton
Lay,Bliven
Jo ann,Bittany
Alexio,Kitchaside
Sandy,Kleinberer
Selestina,Petricek
Ashly,Cuttelar
Heda,Friend
Wake,Hymor
Burty,Francais
Ly,Jovasevic
Suzie,Kondrachenko
Lotte,Boundey
Basia,Van der Velde
Ulrike,Copnar
Risa,Evett
Jade,Doby
Javier,Reneke
Odell,Gullam
Son,Wiffield
Jacquette,MacNalley
Benito,Hamelyn
Kayle,Gager
Candra,MacDonald
Goober,Loynton
Hilde,Laughlin
Ruthe,Salack
Courtney,McCosker
Thibaud,Kertess
Maia,D'Souza
Nicola,Woodcroft
Willa,Rowntree
Leigh,Fuzzens
Randie,Asplin
Theresita,Bernardeschi
Ethelin,Burgisi
Katina,Moden
Lanie,Testro
Kristal,Mitroshinov
Welch,Hukins
Merilyn,Suttill
Parrnell,Balding
Elladine,Worsnap
Alexina,Sammons
Gaston,East
Tremain,Divell
Ewen,McGunley
Bianka,Keen
Bria,Towner
Aldus,Pilsworth
George,Seefus
Minny,Marchington
Yettie,Rayson
Major,Valadez
Giffard,Allflatt
Rafi,Tyre
Carri,Mackinder
Roth,McEnhill
Ellis,Knight
Lu,Geffcock
Michaeline,Bowry
Forbes,Dominico
Alfie,Pallent
Corenda,Antill
Betty,Berends
