id,name,phone,address
1,Philis,,
2,Issiah,,American
3,Moishe,9134728713,
4,Vivianna,8272404634,
5,Bendix,,
6,Vallie,8646547860,Crest Line
7,Gregoor,,
8,Rab,8232668393,
9,Morly,,
10,Richmond,,
11,Jarad,,
12,Chickie,,Gale
13,Ed,,
14,Pamella,,
15,Christos,2264057009,Lerdahl
16,Evelyn,4105006603,
17,Malorie,6375350019,
18,Sorcha,,
19,Town,,
20,Gael,,
21,Lion,5707698395,
22,Marchall,1837470399,
23,Noah,5945618906,
24,Curr,,
25,Taber,,
26,Mandie,,
27,Datha,9993842574,
28,Sandie,9998459666,
29,Lucine,7251741854,
30,Maxy,,
31,Normy,8731561156,
32,Bronny,,
33,Piggy,,Washington
34,Aridatha,5758046449,Linden
35,Nikolaos,,Briar Crest
36,Archibold,7389597446,
37,Ferdinande,,
38,Iolande,6034116806,
39,Fredi,4434275957,
40,Delora,,Sloan
41,Ronni,,
42,Christophorus,,
43,North,,Knutson
44,Rachelle,,
45,Adolphus,4535056221,
46,Etty,,Loeprich
47,Adriano,5055441609,
48,Gabriellia,8175690641,
49,Gerrard,,
50,Jonathan,6945572967,
51,Corbie,,
52,Bordy,7911081789,
53,Rica,,
54,Codi,,
55,Odele,,
56,Corly,8204389608,
57,Cornie,1861564554,
58,Feodora,7749783029,
59,Judye,5576883057,
60,Felice,,
61,Caresa,,
62,Boone,,
63,Janie,,Ohio
64,Raynard,5773900970,Walton
65,Cori,,
66,Inna,5133214458,
67,Teresita,9735392726,
68,Denney,,
69,Fabian,4322613201,
70,Brynn,,
71,Sheffy,3139468519,
72,Leo,6238015660,
73,Corrianne,,
74,Lise,,
75,Jemimah,2579782953,
76,Hallsy,,
77,Mady,,
78,Adrianna,,
79,Alix,,
80,Jamie,5087339337,Pleasure
81,Reinwald,7333439525,
82,Kim,,
83,Creighton,,
84,Llewellyn,9788843449,Scott
85,Ike,1822145958,
86,Lind,,
87,Pattie,,Drewry
88,Skippy,,
89,Esta,3126421994,
90,Oates,,
91,Sapphire,,Division
92,Gaspar,,
93,Maynord,,
94,Archambault,,
95,Frederich,,
96,Johny,,Maywood
97,Ricard,,
98,Jesus,,
99,Carina,,
100,Ransom,,
101,Gerianna,4053662568,Chive
102,Derward,,Twin Pines
103,Tabor,6932060385,
104,Haskell,6055299627,
105,Jolyn,,Petterle
106,Charlena,,
107,Slade,4707955991,Hayes
108,Davis,2509530085,
109,Marilyn,7112613901,
110,Sanson,4768791499,
111,Brennen,4221234149,
112,Dinny,,
113,Kassi,,Bartelt
114,Giles,,
115,Adda,1433488571,
116,Bennie,,
117,Magdalen,,Heffernan
118,Waldemar,,
119,Knox,4155463061,
120,Nathanael,5407580548,Evergreen
121,Brooks,1257790782,
122,Timotheus,,
123,Filmer,2124585010,Swallow
124,Brett,,Mifflin
125,Karney,,
126,Brnaby,,
127,Clemmy,,Crest Line
128,Tomasine,3173417836,
129,Stormi,,
130,Johny,8539461863,
131,Thorvald,2201241497,Pepper Wood
132,Micky,,Shoshone
133,Amery,,
134,Andra,8071449356,
135,Brenden,,
136,Vallie,4826365231,
137,Ludvig,9904287950,
138,Massimo,,Oneill
139,Donica,5942635148,
140,Misty,,
141,Barbara,,
142,Winnie,,
143,Arley,5906843192,
144,Lyssa,,
145,Johannes,1904073772,Golf
146,Marketa,,
147,Ethelind,,
148,Saree,1403372003,Dexter
149,Sigfrid,,
150,Layton,,Blaine
151,Melesa,3172268484,
152,Nadia,,
153,Claus,,
154,Virge,6044133648,
155,Lauritz,7126248863,
156,Ossie,,
157,Alfreda,,
158,Lavina,,
159,Anastasie,,
160,Trix,,
161,Adela,6853858062,
162,Rudiger,,
163,Torrance,,Hollow Ridge
164,Angelo,,Brickson Park
165,Jordana,4028107007,
166,Maxie,,
167,Sancho,9148441240,
168,Leonelle,1466312066,
169,Jonis,,
170,Ellie,6231721359,South
171,Georgiana,5205260655,
172,Hyacinthie,,Grim
173,Adrea,3873410806,Carioca
174,Vin,5264313143,Rowland
175,Ogden,4593230695,
176,Corilla,6232041676,Claremont
177,Syman,2632572514,
178,Robinet,,
179,Emilie,6584989282,
180,Candi,6426194684,Northfield
181,Whitney,,
182,Gerik,4163873525,
183,Delmor,,
184,Yves,,Haas
185,Hanny,6077325434,
186,Frasquito,,
187,King,2948938186,
188,Clifford,8197258102,
189,Brook,,
190,Helli,,
191,Austen,3604118901,
192,Darrelle,,
193,Gris,,
194,Josy,4735721204,
195,Charla,,
196,Brena,4739540070,Dwight
197,Warner,,Bayside
198,Fredrick,9529748462,
199,Brnaby,,
200,Donal,2329928302,
201,Veronica,8317356916,
202,Llewellyn,2796792758,Oakridge
203,Brandtr,,
204,Dorise,,
205,Bordy,6467204964,Cordelia
206,Harv,,
207,Baryram,,
208,Tobi,5268113668,Mcbride
209,Britteny,,
210,Winifield,,
211,Symon,,
212,Rois,,Northview
213,Domeniga,8099135664,
214,Dani,,
215,Munmro,,
216,Marci,7851346724,
217,Horton,2716955080,
218,Yancey,5359786773,
219,Royall,,
220,Bill,,Boyd
221,Josias,,
222,Lynnett,,Moulton
223,Bron,,
224,Bernie,,Canary
225,Gillan,,
226,Gipsy,,Autumn Leaf
227,Meaghan,,Russell
228,Zaneta,,
229,Hilton,1052750433,Artisan
230,Maggi,,Fulton
231,Mona,,
232,Ezri,8795144725,
233,Damien,2091514318,
234,Ettie,,
235,Brigitte,,Buena Vista
236,Janessa,,
237,Zachary,9065289801,
238,Jemmy,4128173319,
239,Ilene,6815564367,
240,Francesco,8234126343,Hagan
241,Annmaria,,Haas
242,Wiatt,3405821691,Huxley
243,Cleavland,,
244,Cullie,,
245,Shem,,
246,Wally,9772754236,Bayside
247,Orel,,
248,Lesya,,
249,Elroy,7184904176,
250,Grantham,,
251,Kiah,3431508388,Glendale
252,Keven,,Mesta
253,Rea,2209342298,
254,Meier,,
255,Magdalene,,Messerschmidt
256,Andriette,,
257,Osbourn,,Garrison
258,Aeriel,7755002325,
259,Bennett,1636753441,
260,Venita,,
261,Silvester,,
262,Miriam,6497703667,Meadow Ridge
263,Lesley,,
264,Glyn,,
265,Noelyn,,
266,Duffie,,
267,Annabela,,Glendale
268,Dolf,,Bashford
269,Elenore,9427200639,Pleasure
270,Olivia,,8th
271,Stevy,7458948379,Ridgeway
272,Ryann,,Dunning
273,Sebastian,,
274,Pren,,
275,Halimeda,4972622905,
276,Humphrey,,
277,Dori,,
278,Valentijn,,Artisan
279,Davidson,6974498344,
280,Modesta,6144168241,Scott
281,Gannie,4248563789,
282,Rosalind,,
283,Doralynne,9645098671,
284,Libbie,,Canary
285,Erhard,,
286,Zilvia,5047447192,Esch
287,Lucila,,
288,Mayer,,
289,Sidonnie,,Golf
290,Rosanna,,
291,Finn,7862507881,
292,Martita,,Cascade
293,Coleman,,
294,Clerissa,6045505087,
295,Lambert,2131587268,
296,Aidan,4719906331,Thompson
297,Elyssa,4047069265,
298,Carolina,,
299,Silvana,,
300,Garald,,
301,Concettina,8927572933,
302,Andrus,,Anthes
303,Rosmunda,,
304,Janie,9195455519,
305,Tobey,,
306,Jennine,,
307,Theodora,,
308,Charlena,,
309,Rosemonde,,
310,Thia,7606355358,
311,Boycey,3475387219,Garrison
312,Eunice,,Elka
313,Bria,,Karstens
314,Quinn,4659584136,
315,Wittie,,
316,Stesha,,
317,Chuck,,
318,Georgiana,2047701814,
319,Barth,9771498109,
320,Tedmund,,
321,Ardelia,,Tomscot
322,Chelsae,,
323,Anjela,8834816678,
324,Margot,,
325,Cass,,1st
326,Rawley,,Duke
327,Quincey,,
328,Brent,3685470617,
329,Dane,2876628316,
330,Milli,,
331,Damara,,Mcguire
332,Jenni,,
333,Carol-jean,5223755104,Del Mar
334,Franky,2579567879,Emmet
335,Giles,,
336,Janey,9758219594,Bobwhite
337,Meryl,,
338,Paddie,9786803764,
339,Pandora,,
340,Alfi,,
341,Cornelle,1295008341,Merchant
342,Zita,,
343,Kenna,6764357036,Chinook
344,Genovera,,
345,Marcella,,Ridge Oak
346,Abbie,,
347,Nixie,,
348,Osbourn,8157090635,
349,Boot,1776291240,Briar Crest
350,Raynard,,
351,Aldrich,,Loeprich
352,Lev,,
353,Cesar,,
354,Valentina,,Grover
355,Skippie,,
356,Gillie,,Scott
357,Darren,,
358,Pauline,,Harper
359,Joshua,,Fairview
360,Lyle,,
361,Sybyl,,
362,Bambie,,
363,Steffie,,
364,Dahlia,,
365,Joby,,
366,Marilin,,
367,Merl,5883951604,
368,Dolley,7294337603,
369,Bentlee,,Katie
370,Barnabas,,Gerald
371,Nikki,,
372,Eddi,,Aberg
373,Cherri,,
374,Des,,
375,Cullan,,
376,Katerine,6619068070,
377,Alia,,
378,Padraic,5881901751,
379,Alasteir,,
380,Earvin,,
381,Salvatore,,
382,Sherline,,Acker
383,Say,6575585526,
384,Emmet,,
385,Elden,6159307034,Holmberg
386,Maison,,
387,Betsy,6119691915,Rowland
388,Bentley,2353443726,
389,Starlene,8186886800,
390,Violette,8797216562,
391,Cristina,,
392,Reagen,,
393,Bordie,,
394,Loella,4776410448,
395,Bertine,,
396,Tony,,
397,Martainn,,
398,Margot,,Mcguire
399,Viole,2407018390,
400,Stefan,2621928144,
401,Davin,,
402,Perry,,Caliangt
403,Therese,8547507939,Maple Wood
404,Phaedra,,
405,Shayne,3203568386,
406,Cleavland,,Del Mar
407,Evered,4211998838,
408,Bee,4847393583,
409,Shay,,Bluestem
410,Danita,,
411,Archy,,Derek
412,Marcello,6348583840,
413,Codi,4007006006,
414,Myrilla,4963064180,
415,Nikki,5152376499,Eagle Crest
416,Beatrix,,
417,Corina,,Eagan
418,Kimberlee,,Pepper Wood
419,Matthew,9631915972,
420,Rich,,
421,Aarika,,
422,Jonathan,3738415813,
423,Eugenie,4906086736,
424,Rahel,,
425,Luis,6876560002,
426,Aldrich,,
427,Griz,,American Ash
428,Murray,2566307320,
429,Dynah,4928190556,Lillian
430,Veradis,,7th
431,Collin,,
432,Koenraad,,
433,Pammi,1388029141,
434,Rakel,,
435,Caleb,,
436,Thor,,
437,Donnie,,Roth
438,Dalila,8521126124,
439,Nissy,,
440,Inger,,
441,Dixie,,
442,Kendall,7579828195,Ilene
443,Borg,7955865147,Stang
444,Robinia,,
445,Darelle,,
446,Norman,,
447,Danella,,
448,Hollis,,
449,Susie,4548481376,Buell
450,Bary,,
451,Louie,,
452,Merrill,8913624829,
453,Beau,8996248849,Nancy
454,Earlie,6758204457,Jenifer
455,Felita,,
456,Dimitry,9552389631,
457,Christie,8287404422,
458,Danny,8613840887,
459,Nikoletta,8948270523,
460,Doroteya,,
461,Fiona,,Melby
462,Lucy,2168295655,
463,Arabele,1797413368,Morning
464,Denny,,
465,Alaine,5881523241,
466,Eduino,1189863370,
467,Emlynne,,Kings
468,Hilario,4996636071,
469,Niccolo,6622561366,
470,Delia,,
471,Putnam,2457084061,
472,Georg,,
473,Zulema,,
474,Cele,2535458643,
475,Kissee,8714601130,
476,Cathrin,,
477,Clair,,
478,Lulita,7443826458,
479,Gay,,
480,Biron,,
481,Ina,,Moose
482,Granthem,,Muir
483,Anthea,5326658017,
484,Natty,,Rigney
485,Bartolemo,,
486,Heather,,
487,Corissa,,Straubel
488,Cheston,2803124378,
489,Happy,7515499962,
490,Melodie,,
491,Josias,8335367182,Clarendon
492,Euphemia,,
493,Kinnie,4608242596,Delaware
494,Dulcine,,
495,Bethina,,
496,Zaneta,,
497,Gweneth,,
498,Kala,,
499,Edin,6019962985,Sugar
500,Benson,,
501,Ker,2046142567,
502,Stanislaus,2611985879,Mallard
503,Deena,,
504,Dorelia,,Hansons
505,Carlos,1107754023,
506,Daryl,1595263146,
507,Inessa,,
508,Kristan,6302747022,
509,Vannie,,
510,Elianore,,
511,Egbert,,Pankratz
512,Caria,,
513,Pren,2465265867,
514,Emlynne,6355365740,
515,Hettie,,
516,Reinhold,,
517,Madison,6758250597,
518,Fan,3722315390,
519,Gayle,2531849416,Vernon
520,Cammy,,Manufacturers
521,Marianna,7952015507,Fallview
522,Pete,,
523,Isadora,,
524,Torey,,
525,Moritz,8734571150,
526,Gloriana,5611278822,
527,Codi,8808908096,
528,Gonzales,6274500210,
529,Dayna,,
530,Carlota,,Del Sol
531,Pen,,Oak Valley
532,Delilah,3645276449,Ridgeview
533,Iain,3675039462,
534,Donni,,
535,Damaris,,
536,Briney,5764959809,
537,Jabez,,Cherokee
538,Anatola,,
539,Zita,,
540,Norina,1025281038,
541,Carling,3019329940,
542,Rebeka,,
543,Eudora,,
544,Ronni,,Briar Crest
545,Melisande,1061792413,
546,Kathi,,
547,Zacherie,8497401147,
548,Tracie,3001883383,
549,Krishna,8841380454,
550,Jo-ann,,4th
551,Cristobal,1329335845,
552,Eddie,,
553,Jacquenette,4694574729,
554,Cyndie,8444517857,
555,Lexi,5693212081,
556,Luisa,8848857164,Basil
557,Guglielmo,8959649964,
558,Brittani,,Havey
559,Sancho,,
560,Hebert,,
561,Ynes,,Mandrake
562,Sarene,,Lyons
563,Malachi,,
564,Cirillo,5836503877,
565,Peg,,
566,Arny,,
567,Deanne,,
568,Christabel,,
569,Ephraim,1921651854,
570,Alexandros,5763709095,
571,Tonya,8621738037,
572,Winny,5238628884,
573,Porty,8294956935,
574,Patty,,
575,Morgen,3258330992,
576,Dal,3551273807,Orin
577,Harris,7133562108,
578,Mattie,8819884245,
579,Harmony,9198485130,
580,Zebulon,9706766598,
581,Donn,4772814546,
582,Deloris,4595785487,Maryland
583,Jimmy,,
584,Henrieta,,
585,Minette,,
586,Candace,,
587,Kylila,7316663436,
588,Francine,9057654184,
589,Alphonse,9503096404,New Castle
590,Stanfield,,
591,Erroll,,Goodland
592,Nichol,,
593,Pepito,,Talmadge
594,Jozef,9617203552,
595,Karen,6073684710,
596,Maxie,,
597,Josephina,,
598,Gerry,,
599,Ilyssa,,
600,Crysta,,
601,Aloysia,3038454629,
602,Horatius,4988655827,
603,Uri,2206959718,
604,Alden,4984221333,
605,Fidelio,,
606,Addi,4447800391,
607,Silvan,,
608,Yule,,
609,Cristina,,
610,Brina,8083100305,
611,Alena,,
612,Rachele,,
613,Hagan,,
614,Kylynn,5503913810,
615,Vidovic,1319024516,
616,Callida,,Vernon
617,Ranique,,Delladonna
618,Elinor,8099613602,
619,Putnam,,
620,Yardley,,
621,Mayor,,Riverside
622,Addie,,
623,Remington,5613070838,
624,Dalton,,
625,Ulrikaumeko,5458488964,
626,Charlot,,
627,Kenn,9588639225,
628,Edgar,3789959005,Knutson
629,Carena,5212520520,
630,Hervey,,
631,Audie,,
632,Dolorita,8758538828,
633,Mylo,,
634,Pier,7646846171,
635,Fiona,3109147292,
636,Dall,,Commercial
637,Jone,,
638,Bennie,,
639,Dore,,
640,Madelina,,
641,Marcia,3181324215,Anzinger
642,Juliane,,
643,Noak,5588052406,
644,Dorothy,1029123263,Burning Wood
645,Derrik,9752337409,
646,Rorie,,
647,Pavlov,2899629757,
648,Frieda,2148367000,Bowman
649,Charlie,,
650,Denna,2845809469,Manley
651,Olag,5891022023,
652,Caril,,Brickson Park
653,Lolita,,
654,Cathleen,,Manitowish
655,Willetta,,
656,Irina,2812541260,Hanover
657,Madelaine,,Nevada
658,Daffi,2356576581,
659,Horace,2873226802,
660,Winny,,
661,Alysa,,
662,Andy,,
663,Kandy,6085489727,
664,Ossie,,
665,Karilynn,8147470068,
666,Barris,5871604655,Talmadge
667,Gregoire,,
668,Mendie,8584860520,
669,Chrotoem,,
670,Violante,,
671,Erskine,,
672,Curtis,,
673,Urbano,7971447562,Bluestem
674,Seka,2148280067,
675,Layney,,Hintze
676,Cybill,9722627297,
677,Deerdre,,
678,Eleonore,8507322606,
679,Lissy,8599225496,
680,Adina,1671792818,
681,Fedora,,
682,Diannne,,
683,Tyrone,,
684,Dorey,,
685,Blake,,
686,Timmie,,
687,Jess,6289644208,
688,Burnaby,,
689,Tracey,5047702097,
690,Arlina,5667343097,
691,Phip,,
692,Lukas,3109495471,Maywood
693,Jaquelyn,,
694,Jory,,Hoepker
695,Lemuel,4508465169,
696,Tamqrah,,
697,Delaney,6147086127,
698,Idalia,,
699,Hedvige,5442066788,
700,Clayborn,,
701,Lyssa,5157950414,
702,Katey,,
703,Barri,,
704,Esmaria,2198691112,Emmet
705,Milzie,5447733114,
706,Brockie,6875081841,Marquette
707,Winnie,,
708,Wrennie,,
709,Florida,,
710,Pace,,
711,Dulcea,,
712,Kial,1142227914,Knutson
713,Hershel,,
714,Woodman,,
715,Zeb,,
716,Dari,,
717,Giana,,
718,Nicolea,,
719,Raymund,,Stang
720,Lanie,,
721,Brittaney,5407303922,
722,Filbert,,Declaration
723,Chip,,Mendota
724,Hermann,,
725,Chad,,
726,April,,Susan
727,Logan,8019222771,
728,Rene,,
729,Oneida,,
730,Arleyne,,
731,Marie,,
732,Torrence,5539890686,Cambridge
733,Stanford,9363762214,
734,Yevette,1103149766,Derek
735,Ede,5852338755,
736,Aurie,,
737,Olympia,7602992453,
738,Farris,1642644509,
739,Grethel,9038404563,
740,Timi,,Parkside
741,Orville,,
742,Benetta,5003304926,
743,Gustave,7238578602,
744,Elvyn,,Springs
745,Trisha,,
746,Fredia,,
747,Jobina,,
748,Garvin,8314093848,
749,Joe,,
750,Zared,,
751,Stephan,3073694774,Lillian
752,Alexandre,,
753,Ransell,,
754,Amerigo,4576685112,
755,Bonnibelle,,
756,Neel,7976007061,
757,Chevalier,,Almo
758,Rogerio,,
759,Olenka,4758983244,
760,Johann,2645308630,
761,El,,
762,Purcell,,
763,Giacinta,,
764,Lemmie,,Melrose
765,Karlen,,
766,Syd,,
767,Erich,4819802343,Schmedeman
768,Isacco,,
769,Silvia,,Crowley
770,Toinette,1999978466,
771,Tammy,,
772,Ramsay,8176966687,Sommers
773,Ronni,,
774,Chandler,8273694186,
775,Nicolette,3197712568,
776,Rhona,8796781430,
777,Rudy,,
778,Davidson,8895975735,
779,Misti,4499351295,
780,Royall,4448214041,
781,Ellen,9754233050,Sommers
782,Pearla,,Oak Valley
783,Annie,,
784,Valentijn,5607787075,
785,Deeyn,6668671953,
786,Kerry,6986337525,
787,Obadias,,
788,Inglebert,3043642288,Di Loreto
789,Luciano,2938910794,
790,Fidelio,,
791,Tiffie,,
792,Alvie,,
793,Dick,,Waubesa
794,Melba,,
795,Gael,,
796,Umberto,8979578458,
797,Jard,8585491272,Sauthoff
798,Agnes,,Ryan
799,Shandy,,Sherman
800,Christiana,1211103327,Graceland
801,Bryana,7799792097,
802,Amalia,,
803,Gunar,,
804,Pietra,,
805,Belle,,
806,Siegfried,,Hintze
807,Alethea,,Waubesa
808,Hilly,,
809,Porty,,
810,Lark,,Iowa
811,Claus,4811562312,
812,Riccardo,,
813,Ezmeralda,,
814,Bird,8458034204,
815,Galina,,
816,Terence,,Lukken
817,Orella,,
818,Micheline,8701800009,
819,Sutton,,Jay
820,Thaine,,
821,Nance,,
822,Ruby,,
823,Adria,9145045109,
824,Derwin,,
825,Cele,4386263717,La Follette
826,Newton,,
827,Meta,,
828,Roddy,,
829,Mike,,Sauthoff
830,Peggi,5563089154,
831,Coriss,8016168707,Everett
832,Jordan,,
833,Cindelyn,,New Castle
834,Bartram,,Fallview
835,Lilah,,
836,Lydie,,
837,Doti,,
838,Edy,,
839,Zebulen,6297739639,
840,Parnell,,Aberg
841,Elwood,9973341718,Eastwood
842,Devondra,2444771008,
843,Ash,5506697194,Dottie
844,Constancia,,
845,Milli,,Bellgrove
846,Dorrie,,
847,Kore,,Monterey
848,Garald,,Farwell
849,Brok,1158072116,Chive
850,Lida,,
851,Patty,6722329827,
852,Livvyy,,
853,Rossy,5594334314,
854,Pierre,,
855,Nicolina,,
856,Bink,,
857,Sarina,5634383235,West
858,Adela,4752543507,Hagan
859,Geralda,,
860,Christoper,9625101111,
861,Alvie,8716745424,Victoria
862,Grant,,
863,Gretna,3704858453,
864,Noby,7752748911,Carey
865,Riley,3019915441,
866,Blinny,,
867,Chic,,
868,Gaye,,
869,Emili,,
870,Sven,,
871,Abdel,,
872,Ellswerth,,
873,Jerrie,,
874,Dewey,,Reindahl
875,Jamie,,
876,Anastasie,4551218952,Coleman
877,Yasmeen,,
878,Theodora,,
879,Robyn,,
880,Heindrick,1653155700,Dryden
881,Elladine,,
882,Guglielma,7345021290,
883,Addy,6958142849,
884,Zollie,,Maple
885,Edsel,,
886,Giovanna,,
887,Coleen,1861911411,
888,Gelya,,
889,Zacharia,,Waubesa
890,Jeanine,8036378936,Larry
891,Carlynn,4119309540,Holmberg
892,Guthrie,6683536141,
893,Olag,3334495898,Old Gate
894,Fionna,,
895,Carlin,9416330786,
896,Jan,2761312685,
897,Derry,3058915347,
898,Melloney,,
899,Isaak,8945770720,
900,Rora,,Barby
901,Rozele,,
902,Roy,,
903,Trescha,8345545174,
904,Ranna,,
905,Stavros,2079590654,
906,Danyette,,
907,Isaak,9886613526,
908,Staci,,
909,Jay,1178768155,
910,Eugenie,,
911,Tobiah,,
912,Alphard,,
913,Gus,,
914,Sydney,1034957078,
915,Selinda,,Onsgard
916,Dolorita,6504809362,
917,Lark,,
918,Ramsey,1865737238,
919,Milissent,,
920,Steffane,7834435874,Anthes
921,Reyna,,
922,Doreen,,
923,Robbert,2874735280,
924,Kane,,Aberg
925,Bernette,5495970146,
926,Darrel,,
927,Bonita,,
928,Lucien,,
929,Clementia,,
930,Aindrea,,
931,Karisa,,Bartillon
932,Willard,,
933,Margery,,
934,Emelina,4555374704,Morrow
935,Monique,8368076564,
936,Ode,6963741215,
937,Kassia,,
938,Gweneth,,Kipling
939,Daphna,8936950480,
940,Roxine,2776020785,
941,Kamila,,Sommers
942,Crystal,,
943,Dean,,
944,Elijah,,Moulton
945,Rriocard,,Morningstar
946,Tabitha,,
947,Rhodia,8873377851,Loftsgordon
948,Gallagher,,
949,Jaquelin,,
950,Sheena,,
951,Aida,4341201759,
952,Shirline,,
953,Sharleen,8047930168,Eagan
954,Suzy,5646417368,
955,Cart,4959608492,
956,Fonsie,,Hoard
957,Rosanne,4039701538,
958,Elsinore,,
959,Hortense,,
960,Morse,5233670119,
961,Shayla,2511605483,
962,Anitra,,International
963,Bord,,
964,Glenn,,
965,Otto,8487326825,
966,Dominik,,
967,Isak,6264272817,
968,Koressa,,
969,Lucia,5484985888,
970,Beitris,,
971,Ashien,,
972,Mendie,6071346528,
973,Florence,,
974,Ciel,7178967207,
975,Lyon,,Stoughton
976,Winnie,8577880751,
977,Urban,,Forest Dale
978,Gillan,4065464566,
979,Cully,,David
980,Fredra,,Fieldstone
981,Ignatius,,Stoughton
982,Alford,,
983,Stormi,,
984,Sibbie,,Farmco
985,Al,6075010144,
986,Peggy,9554852576,
987,Haven,,
988,Cherida,6221719621,
989,Wilton,,
990,Augustine,,
991,Thorstein,,
992,Doralyn,,Kropf
993,Nathanial,8487899560,
994,Adriaens,,Gateway
995,Bord,7878274601,
996,Gerhardine,6834050260,
997,Ailbert,,
998,Xylina,8182298544,
999,Dinnie,,
1000,Jemima,2522103139,
