gender,date
Male,10.10.2022
Female,5.7.2022
Male,17.12.2021
Female,18.11.2021
Male,5.8.2022
Female,12.6.2022
Female,21.5.2022
Female,19.10.2022
Male,20.10.2022
Genderqueer,19.10.2022
Male,29.3.2022
Female,29.10.2022
Male,13.6.2022
Male,3.4.2022
Female,7.9.2022
Female,30.3.2022
Male,7.10.2022
Male,19.10.2022
Female,16.1.2022
Male,23.10.2022
Male,12.5.2022
Female,9.12.2021
Female,16.10.2022
Agender,19.9.2022
Female,16.10.2022
Male,4.8.2022
Male,7.4.2022
Male,19.9.2022
Female,18.4.2022
Female,7.8.2022
Female,1.10.2022
Female,12.4.2022
Female,31.8.2022
Female,15.3.2022
Female,21.7.2022
Female,13.1.2022
Male,3.5.2022
Female,26.7.2022
Male,12.5.2022
Female,15.8.2022
Female,29.11.2021
Male,27.7.2022
Male,26.9.2022
Male,17.4.2022
Male,4.8.2022
Male,18.9.2022
Female,12.10.2022
Female,15.3.2022
Male,18.1.2022
Male,10.6.2022
