id,name,dept,salary
1,Humberto,Human Resources,,
2,Nada,Engineering,564
3,Letta,Support,861
4,Garry,Research and Development,,
5,Jeanne,Support,238
6,Tessi,Human Resources,124
7,Dorian,Legal,156
8,Xenos,Research and Development,997
9,Carlyle,Sales,487
10,Erminie,Legal,979
11,Reinald,Support,403
12,Egor,Marketing,658
13,Conni,Product Management,489
14,Ellie,Training,359
15,Tommie,Sales,993
16,Allie,Legal,403
17,Darnall,Accounting,972
18,Brandi,Training,455
19,Ross,Sales,887
20,Budd,Support,303
21,Noelani,Accounting,819
22,Shelba,Training,965
23,Nicoline,Sales,175
24,Nanette,Legal,424
25,Ronica,Business Development,776
26,Suzann,Engineering,326
27,Arlan,Support,375
28,Rikki,Product Management,175
29,Cordy,Legal,458
30,Hedda,Accounting,236
31,Krystalle,Support,711
32,Della,Training,430
33,Gaile,Legal,266
34,Siward,Business Development,816
35,Ashley,Support,900
36,Emanuele,Research and Development,624
37,Micheline,Services,699
38,Amargo,Human Resources,770
39,Sherline,Human Resources,663
40,Rowen,Accounting,712
41,Jolee,Marketing,915
42,Terrie,Marketing,261
43,Vanya,Business Development,857
44,Birgitta,Research and Development,800
45,Ryann,Accounting,754
46,Kissie,Support,365
47,Forrester,Business Development,205
48,Nigel,Services,116
49,Worthy,Services,275
50,Yorke,Business Development,473
51,Evonne,Accounting,555
52,Nicolina,Legal,924
53,Natalee,Training,814
54,Nil,Sales,404
55,Vinita,Engineering,563
56,Silvana,Support,102
57,Albertina,Engineering,666
58,Lenette,Sales,950
59,Reeva,Training,928
60,Cal,Training,490
61,Granville,Sales,802
62,Sheilah,Training,577
63,Madelina,Human Resources,105
64,Marylou,Sales,399
65,Robina,Services,979
66,Kittie,Services,315
67,Jeannine,Legal,837
68,Niccolo,Business Development,219
69,Hestia,Human Resources,205
70,Ailee,Legal,728
71,Free,Accounting,419
72,Neely,Product Management,731
73,Brose,Product Management,290
74,Andros,Human Resources,778
75,Ambrosi,Research and Development,868
76,Cherie,Sales,662
77,Ole,Services,818
78,Lenette,Support,413
79,Angus,Engineering,880
80,Lindon,Support,308
81,Deirdre,Marketing,682
82,Darlene,Services,123
83,Cristal,Services,784
84,Dominique,Support,553
85,Betti,Marketing,549
86,Maryl,Legal,588
87,Vic,Product Management,641
88,Skelly,Research and Development,853
89,Bartie,Training,642
90,Michael,Training,660
91,Pearla,Product Management,873
92,Karl,Human Resources,311
93,Tami,Training,142
94,Midge,Legal,516
95,Shir,Human Resources,160
96,Jonah,Engineering,339
97,Hasheem,Legal,636
98,Samuel,Marketing,675
99,Tuesday,Business Development,118
100,Charlie,Marketing,487
101,Murial,Product Management,474
102,Maitilde,Training,402
103,Demetre,Sales,929
104,Lyn,Marketing,608
105,Penn,Training,672
106,Minette,Product Management,246
107,Dela,Marketing,514
108,Noelyn,Engineering,982
109,Nerte,Product Management,699
110,Loise,Product Management,320
111,Rickie,Engineering,101
112,Catherin,Sales,581
113,Lily,Engineering,597
114,Haskel,Support,520
115,Emili,Support,332
116,Grete,Research and Development,884
117,Marijn,Product Management,102
118,Giffy,Accounting,757
119,Abbie,Business Development,668
120,Shae,Business Development,985
121,Had,Legal,683
122,Belicia,Engineering,900
123,Cesaro,Accounting,829
124,Carlye,Product Management,825
125,Joana,Research and Development,443
126,Barbe,Sales,819
127,Crysta,Engineering,221
128,Selia,Marketing,441
129,Charita,Accounting,983
130,Dion,Human Resources,458
131,Henrie,Business Development,546
132,Abbey,Product Management,333
133,Mort,Training,777
134,Prentice,Human Resources,281
135,Skippie,Business Development,426
136,Odelinda,Support,460
137,Warden,Product Management,563
138,Sutherland,Marketing,390
139,Jillie,Services,619
140,Agustin,Product Management,722
141,Elisabetta,Training,592
142,Remington,Marketing,857
143,Ginni,Human Resources,135
144,Abbi,Research and Development,304
145,Corrinne,Support,388
146,Linda,Training,699
147,Selene,Services,314
148,Alika,Marketing,1000
149,Laryssa,Human Resources,199
150,Amby,Legal,477
151,Joel,Human Resources,755
152,Caterina,Services,286
153,Lindie,Sales,117
154,Jania,Marketing,350
155,Dona,Product Management,446
156,Janey,Support,582
157,Javier,Business Development,870
158,Gerald,Product Management,897
159,Genevieve,Marketing,666
160,Javier,Support,186
161,Cyndi,Services,191
162,Sashenka,Human Resources,957
163,Alric,Services,825
164,Jori,Accounting,307
165,Amber,Product Management,514
166,Marleen,Engineering,127
167,Sharlene,Product Management,507
168,Marybeth,Services,148
169,Phyllis,Accounting,500
170,Rollo,Engineering,149
171,Haley,Research and Development,583
172,Peter,Support,149
173,Benedict,Business Development,651
174,Rudolfo,Accounting,336
175,Rodolph,Business Development,322
176,Robinia,Business Development,136
177,Leanor,Sales,785
178,Petrina,Training,854
179,Culley,Legal,178
180,Derrik,Business Development,893
181,Wendy,Services,833
182,Joelle,Marketing,543
183,Anne,Legal,862
184,Nicky,Marketing,302
185,Ilyse,Engineering,572
186,Hedvig,Research and Development,985
187,Maximilian,Research and Development,133
188,Marilyn,Training,276
189,Lani,Product Management,623
190,Nickey,Engineering,675
191,Emelen,Engineering,229
192,Currey,Legal,223
193,Nevin,Legal,661
194,Dallis,Legal,615
195,Doe,Engineering,904
196,Novelia,Engineering,793
197,Malissa,Training,647
198,Noll,Accounting,731
199,Maribelle,Human Resources,935
200,Stephen,Engineering,511
201,Allix,Support,730
202,Verne,Accounting,353
203,Myriam,Legal,575
204,Olive,Accounting,294
205,Dorey,Sales,831
206,Kathie,Support,506
207,Cassie,Engineering,807
208,Brear,Accounting,641
209,Wright,Engineering,391
210,Maridel,Human Resources,499
211,Farlay,Business Development,519
212,Allin,Human Resources,970
213,Hagen,Accounting,924
214,Andonis,Sales,440
215,Beniamino,Marketing,578
216,Asia,Business Development,881
217,Drucill,Sales,948
218,Elyse,Business Development,467
219,Brigitta,Sales,809
220,Fredi,Research and Development,282
221,Ileana,Product Management,213
222,Barnabe,Business Development,571
223,Giovanni,Sales,957
224,Herta,Support,122
225,Burty,Marketing,903
226,Gib,Services,812
227,Della,Support,646
228,Frances,Support,793
229,Roxanna,Business Development,560
230,Heddie,Human Resources,878
231,Patrick,Business Development,950
232,Petra,Business Development,473
233,Shalna,Sales,975
234,Magdaia,Product Management,520
235,Prudi,Sales,267
236,Rhoda,Marketing,393
237,Lynn,Accounting,648
238,Allard,Training,871
239,Anton,Support,547
240,Marietta,Research and Development,891
241,Vikki,Business Development,579
242,Oran,Training,300
243,Lucila,Human Resources,912
244,Amandi,Business Development,683
245,Ferris,Marketing,813
246,Andriette,Business Development,359
247,Martin,Research and Development,196
248,Allison,Human Resources,184
249,Kenton,Legal,720
250,Charita,Services,438
251,Roda,Support,844
252,Winnie,Human Resources,347
253,Minta,Legal,676
254,Philippine,Accounting,556
255,Arty,Research and Development,100
256,Mehetabel,Product Management,430
257,Eachelle,Product Management,356
258,Winny,Human Resources,135
259,Joceline,Product Management,774
260,Gayel,Human Resources,542
261,Kathi,Accounting,873
262,Belia,Legal,524
263,Danika,Business Development,689
264,Gifford,Engineering,919
265,Tami,Services,485
266,Ulrikaumeko,Research and Development,112
267,Fleur,Sales,682
268,Modestia,Human Resources,420
269,Cherry,Accounting,198
270,Jammal,Research and Development,473
271,Christine,Engineering,660
272,Sophey,Support,637
273,Cindie,Engineering,455
274,Roddie,Services,256
275,Abran,Training,993
276,Querida,Accounting,926
277,Rip,Training,654
278,Gerick,Product Management,422
279,Parry,Business Development,556
280,Allyson,Engineering,960
281,Daren,Engineering,343
282,Shannan,Sales,929
283,Berti,Accounting,739
284,Sapphira,Sales,499
285,Conroy,Accounting,501
286,Park,Accounting,805
287,Daryle,Business Development,208
288,Dael,Human Resources,936
289,Kincaid,Services,441
290,Garvy,Services,571
291,Milton,Marketing,871
292,Marchelle,Training,893
293,Hermon,Legal,673
294,Cassondra,Research and Development,828
295,Ninon,Human Resources,685
296,Iris,Services,751
297,Marcelia,Legal,388
298,Calvin,Product Management,268
299,Donal,Accounting,348
300,Tadeo,Training,911
301,Ervin,Services,928
302,Gerrilee,Sales,413
303,Jazmin,Human Resources,132
304,Yehudit,Accounting,582
305,Claribel,Product Management,350
306,Carmelina,Sales,239
307,Ange,Support,424
308,Hazel,Business Development,125
309,Bran,Human Resources,124
310,Rogerio,Legal,247
311,Elwira,Human Resources,119
312,Jeniece,Human Resources,842
313,Hugibert,Training,879
314,Gypsy,Research and Development,526
315,Hobart,Sales,496
316,Erv,Research and Development,959
317,Padraig,Legal,241
318,Lorelle,Business Development,639
319,Rosaline,Support,514
320,Kiersten,Services,478
321,Adriano,Services,176
322,Rana,Marketing,983
323,Sal,Human Resources,285
324,Sean,Training,425
325,Serge,Marketing,461
326,Clemence,Marketing,893
327,Rasla,Support,259
328,Sissie,Training,768
329,Darlene,Services,199
330,Cloe,Business Development,887
331,Betteanne,Support,319
332,Lilias,Support,646
333,Standford,Marketing,782
334,Brittaney,Marketing,125
335,Annabelle,Training,150
336,Scarlet,Marketing,982
337,Otha,Engineering,490
338,Lewiss,Human Resources,424
339,Lenee,Business Development,580
340,Margarette,Engineering,957
341,Darsie,Research and Development,704
342,Elset,Support,709
343,Brooks,Marketing,535
344,Way,Legal,698
345,Giuditta,Services,143
346,Ludovico,Accounting,659
347,Lisa,Engineering,791
348,Consalve,Sales,750
349,Latisha,Business Development,242
350,Willetta,Engineering,237
351,Misha,Engineering,118
352,Callida,Engineering,167
353,Porter,Business Development,637
354,Lurleen,Accounting,760
355,Robert,Business Development,192
356,Sander,Services,836
357,Luce,Engineering,887
358,Selestina,Human Resources,847
359,Joelle,Research and Development,600
360,Joice,Business Development,181
361,Avrit,Product Management,519
362,Elfreda,Business Development,229
363,Calv,Accounting,452
364,Ester,Support,300
365,Caz,Services,616
366,Raddie,Engineering,342
367,Teodorico,Support,137
368,Minna,Engineering,678
369,Meris,Research and Development,850
370,Cirstoforo,Services,118
371,Griffie,Training,955
372,Bertie,Engineering,428
373,Arlina,Accounting,945
374,Sherlock,Product Management,408
375,Eden,Sales,716
376,Vinny,Accounting,707
377,Terri-jo,Human Resources,139
378,Bertina,Engineering,978
379,Joann,Support,289
380,Gayle,Training,187
381,Leland,Marketing,304
382,Liesa,Legal,256
383,Janelle,Human Resources,195
384,Berny,Research and Development,871
385,Una,Accounting,863
386,Joshia,Engineering,517
387,Joshua,Support,586
388,Myron,Business Development,874
389,Alex,Marketing,515
390,Bailie,Training,175
391,Barb,Product Management,779
392,Korrie,Sales,653
393,Jacintha,Support,348
394,Ira,Sales,449
395,Scarlet,Human Resources,292
396,Husain,Business Development,990
397,Othelia,Training,292
398,Charity,Accounting,490
399,Philippa,Business Development,498
400,Jemima,Sales,351
401,Yorker,Legal,520
402,Durward,Accounting,574
403,Jarad,Training,548
404,Sallee,Product Management,470
405,Lindsy,Sales,514
406,Ilse,Marketing,484
407,Yardley,Legal,739
408,Charo,Business Development,308
409,Fabiano,Legal,685
410,Enid,Accounting,248
411,Herminia,Human Resources,660
412,Teressa,Business Development,517
413,Ilsa,Services,504
414,Helyn,Business Development,275
415,Nikki,Engineering,422
416,King,Business Development,952
417,Dynah,Sales,721
418,Ailyn,Engineering,739
419,Tobe,Research and Development,716
420,Vaughn,Business Development,816
421,Nesta,Accounting,818
422,Terence,Research and Development,518
423,Burt,Sales,412
424,Blaire,Services,548
425,Sib,Business Development,717
426,Crichton,Business Development,574
427,Zaccaria,Human Resources,586
428,Catarina,Research and Development,413
429,Mace,Product Management,417
430,Carl,Support,869
431,Bette,Human Resources,108
432,Stanley,Engineering,572
433,Leeanne,Product Management,900
434,Loleta,Engineering,552
435,Bili,Human Resources,218
436,Jobyna,Marketing,358
437,Dal,Engineering,845
438,Neila,Support,342
439,Mycah,Human Resources,141
440,Burk,Human Resources,580
441,Evania,Services,362
442,Otto,Product Management,261
443,Cobbie,Services,979
444,Ram,Engineering,723
445,Elwood,Engineering,536
446,Shaylyn,Product Management,596
447,Gwenni,Research and Development,136
448,Gertrude,Marketing,102
449,Pat,Product Management,522
450,Shay,Accounting,169
451,Johan,Business Development,881
452,Teddie,Marketing,206
453,Whitby,Accounting,316
454,Sissy,Research and Development,577
455,Basile,Product Management,428
456,Filmer,Product Management,973
457,Nobe,Product Management,864
458,Cordy,Human Resources,437
459,Jinny,Product Management,556
460,Kaleena,Engineering,311
461,Burgess,Marketing,693
462,Fowler,Services,711
463,Ernst,Human Resources,313
464,Aldric,Sales,644
465,Anica,Training,831
466,Byrle,Human Resources,683
467,Farleigh,Product Management,988
468,Tammy,Human Resources,971
469,Twila,Marketing,264
470,Phil,Legal,275
471,Arvin,Business Development,842
472,Laurene,Human Resources,785
473,Anatola,Accounting,559
474,Hayward,Training,991
475,Reinhard,Support,381
476,Noak,Engineering,952
477,Barbi,Human Resources,537
478,Nicko,Services,279
479,Sheff,Research and Development,248
480,Salomo,Services,726
481,Catrina,Support,686
482,Carlin,Marketing,662
483,Fielding,Legal,172
484,Giulia,Business Development,791
485,Eloisa,Training,154
486,Zaneta,Marketing,726
487,Sylvester,Product Management,722
488,Guglielmo,Legal,273
489,Melisa,Support,597
490,Foss,Engineering,458
491,Arel,Marketing,607
492,Oswell,Services,237
493,Lindsey,Services,741
494,Jerome,Accounting,839
495,Cassey,Services,483
496,Wylie,Product Management,496
497,Saxon,Research and Development,128
498,Blisse,Marketing,985
499,Agretha,Services,185
500,Forrester,Sales,928
501,Roxy,Research and Development,190
502,Aliza,Business Development,595
503,Marchall,Engineering,919
504,Ryon,Sales,599
505,Talbot,Training,651
506,Myrtia,Accounting,285
507,Rodolphe,Accounting,867
508,Neale,Services,163
509,Kate,Sales,976
510,Kennedy,Engineering,320
511,Emma,Research and Development,223
512,Felizio,Support,249
513,Fayina,Sales,129
514,Terri-jo,Support,507
515,Ram,Business Development,545
516,Elden,Marketing,516
517,Maureen,Accounting,109
518,Sheppard,Human Resources,890
519,Willow,Support,492
520,Marcy,Support,387
521,Marc,Support,207
522,Tanya,Support,653
523,Konstanze,Marketing,812
524,Lissi,Sales,291
525,Benedict,Engineering,443
526,Fabio,Sales,245
527,Adriane,Accounting,449
528,Skipp,Human Resources,931
529,Chrysler,Training,969
530,Margo,Accounting,513
531,Agnesse,Support,944
532,Flory,Marketing,293
533,Cozmo,Research and Development,579
534,Bernete,Training,475
535,Barnett,Support,169
536,Brew,Support,728
537,Ingeberg,Sales,674
538,Corrie,Accounting,329
539,Waly,Business Development,209
540,Reed,Engineering,101
541,Wenona,Accounting,680
542,Karalee,Product Management,665
543,Henderson,Legal,883
544,Chrysa,Support,475
545,Goddart,Services,442
546,Nil,Human Resources,304
547,Jo,Accounting,312
548,Claribel,Research and Development,128
549,Nettle,Marketing,815
550,Nata,Marketing,723
551,Maure,Support,277
552,Janelle,Engineering,182
553,Junina,Business Development,962
554,Evey,Engineering,601
555,Sheffy,Accounting,629
556,Bettye,Sales,814
557,Isacco,Sales,182
558,Mirabel,Training,551
559,Dyanna,Support,229
560,Lynea,Accounting,611
561,Dorian,Accounting,538
562,Redford,Product Management,869
563,Karolina,Sales,714
564,Florentia,Support,718
565,Micaela,Marketing,542
566,Neville,Engineering,244
567,Matilde,Training,935
568,Heddie,Accounting,295
569,Junette,Engineering,583
570,Marchall,Product Management,468
571,Heinrik,Product Management,908
572,Brodie,Human Resources,221
573,Rafaelia,Services,451
574,Leyla,Engineering,441
575,Falito,Engineering,174
576,Sisile,Sales,260
577,Leontyne,Accounting,710
578,Ines,Product Management,205
579,Gray,Training,339
580,Joela,Sales,860
581,Glynn,Sales,367
582,Paten,Marketing,721
583,Thayne,Support,705
584,Papageno,Accounting,441
585,Lucius,Accounting,812
586,Berna,Engineering,738
587,Maye,Services,537
588,Margot,Sales,756
589,Nealy,Research and Development,759
590,Lorrie,Product Management,501
591,Zita,Services,562
592,Lombard,Services,647
593,Madeleine,Support,788
594,Milena,Product Management,321
595,Stanford,Research and Development,601
596,Ase,Services,354
597,Reinhard,Services,243
598,Berthe,Accounting,595
599,Mayne,Services,154
600,Pail,Research and Development,687
601,Kelbee,Support,999
602,Jacklyn,Engineering,273
603,Debbi,Marketing,318
604,Pedro,Engineering,729
605,Iosep,Training,561
606,Crista,Product Management,357
607,Gannie,Support,155
608,Sullivan,Services,868
609,Marcelle,Accounting,164
610,Huntington,Legal,938
611,Avery,Sales,670
612,Maudie,Business Development,475
613,Darci,Business Development,739
614,Lynette,Accounting,905
615,Hort,Product Management,732
616,Keri,Engineering,328
617,Jacqueline,Product Management,688
618,Brandi,Sales,881
619,Oliver,Legal,852
620,Evelyn,Services,220
621,Karita,Legal,299
622,Emlynn,Product Management,906
623,Wenda,Product Management,540
624,Shalne,Sales,568
625,Norbie,Research and Development,396
626,Brett,Product Management,589
627,Myra,Training,121
628,Page,Engineering,902
629,Roslyn,Engineering,430
630,Florida,Business Development,467
631,Shellysheldon,Business Development,967
632,Dew,Legal,190
633,Kathi,Human Resources,557
634,Germain,Research and Development,577
635,Ceil,Engineering,823
636,Fitz,Human Resources,179
637,Miof mela,Human Resources,756
638,Hurley,Support,338
639,Nickolas,Sales,181
640,Filbert,Support,220
641,Isiahi,Engineering,938
642,Lucien,Human Resources,156
643,Anthea,Marketing,203
644,Shaughn,Support,105
645,Claire,Services,367
646,Lavena,Legal,618
647,Boonie,Sales,291
648,Ebenezer,Support,230
649,Del,Research and Development,162
650,Delano,Marketing,437
651,Marlena,Business Development,662
652,Leonard,Marketing,790
653,Kania,Research and Development,754
654,Nedda,Support,454
655,Artus,Legal,600
656,Clark,Product Management,653
657,Tony,Support,173
658,Lorena,Accounting,770
659,Vaughan,Product Management,399
660,Davon,Engineering,559
661,Jojo,Legal,133
662,Pier,Training,149
663,Giorgia,Support,235
664,Joly,Engineering,697
665,Carlina,Training,970
666,Kore,Training,675
667,Obidiah,Services,445
668,Gabi,Marketing,774
669,Phillipe,Product Management,213
670,Glad,Marketing,889
671,Mitchael,Services,891
672,Daile,Training,743
673,Basile,Marketing,107
674,Clement,Support,845
675,Katharine,Engineering,632
676,Verla,Accounting,986
677,Hasty,Business Development,174
678,Carolee,Product Management,391
679,Derril,Services,588
680,Loren,Business Development,425
681,Evelin,Support,950
682,Herold,Support,439
683,Bettine,Sales,625
684,Jenica,Product Management,856
685,Alfredo,Product Management,538
686,Griffin,Support,135
687,Garwin,Marketing,302
688,Prisca,Product Management,144
689,Neala,Marketing,611
690,Chance,Marketing,943
691,Andriette,Legal,334
692,Tammie,Accounting,394
693,Hewe,Research and Development,349
694,Gratia,Marketing,647
695,Mathilda,Sales,165
696,Leilah,Training,637
697,Shelden,Business Development,223
698,Frieda,Support,563
699,Michaeline,Sales,169
700,Paloma,Support,761
701,Arlan,Engineering,182
702,Sergio,Services,472
703,Mikaela,Research and Development,598
704,Demeter,Engineering,755
705,Renaud,Business Development,293
706,Warner,Training,672
707,Jackie,Sales,655
708,Hewe,Training,104
709,Cynthy,Support,882
710,Patty,Marketing,285
711,Bobbie,Human Resources,587
712,Odella,Engineering,385
713,Jessika,Marketing,145
714,Ansell,Legal,359
715,Kary,Sales,125
716,Stearne,Support,986
717,Ingar,Legal,615
718,Valenka,Support,226
719,Casandra,Product Management,183
720,Colene,Research and Development,519
721,Sapphira,Human Resources,986
722,Bryana,Sales,660
723,Ichabod,Research and Development,207
724,Dorelia,Marketing,226
725,Moreen,Product Management,449
726,Kamila,Legal,669
727,Huntington,Human Resources,395
728,Vally,Marketing,983
729,Tildy,Business Development,932
730,Tad,Sales,905
731,Jerrine,Services,414
732,Brand,Marketing,304
733,Lottie,Support,639
734,Freddi,Support,772
735,Aubrette,Accounting,972
736,Iggy,Human Resources,156
737,Jaquenetta,Services,902
738,Leanora,Training,102
739,Tally,Services,302
740,Deni,Business Development,647
741,Corene,Business Development,506
742,Iain,Research and Development,419
743,Bernadette,Research and Development,245
744,Omar,Research and Development,213
745,Fayre,Legal,346
746,Berthe,Legal,796
747,Verne,Sales,538
748,Valera,Support,181
749,Syd,Marketing,983
750,Luis,Human Resources,651
751,Curran,Legal,288
752,Ethelda,Sales,840
753,Ashbey,Product Management,784
754,Kort,Sales,377
755,Pattie,Training,806
756,Benetta,Business Development,435
757,Alessandra,Training,832
758,Selina,Sales,829
759,Katy,Research and Development,566
760,Martina,Training,932
761,Rasia,Sales,207
762,Alejandro,Human Resources,952
763,Anett,Human Resources,175
764,Algernon,Accounting,281
765,Orton,Research and Development,768
766,Berkley,Accounting,693
767,Clara,Engineering,220
768,Wenonah,Sales,963
769,Arvin,Marketing,351
770,Herschel,Business Development,856
771,Annalee,Human Resources,383
772,Zarla,Engineering,814
773,Lesly,Legal,160
774,Kerianne,Marketing,313
775,Heriberto,Legal,218
776,Frasier,Legal,850
777,Armando,Research and Development,530
778,Cyb,Services,614
779,Valencia,Research and Development,107
780,Ive,Support,518
781,Roarke,Training,845
782,Kennie,Research and Development,161
783,Darin,Engineering,946
784,Magdalene,Human Resources,523
785,Tristan,Support,843
786,Almeta,Services,170
787,Liv,Marketing,665
788,Elberta,Business Development,714
789,Quinton,Legal,627
790,Gregoire,Human Resources,685
791,Giffie,Engineering,427
792,Danila,Marketing,676
793,Leora,Support,839
794,Gerianne,Services,960
795,Eddie,Legal,989
796,Casandra,Accounting,982
797,Tab,Support,306
798,Audre,Marketing,487
799,Fina,Accounting,858
800,Hersch,Research and Development,863
801,Elke,Training,639
802,Cam,Marketing,387
803,Jackie,Business Development,799
804,Jeanette,Accounting,970
805,Brook,Human Resources,518
806,Harald,Research and Development,409
807,Tansy,Support,516
808,Sloan,Legal,375
809,Danielle,Engineering,1000
810,Bibby,Human Resources,165
811,Ardene,Accounting,824
812,Cosimo,Engineering,774
813,Gillian,Research and Development,239
814,Marcellus,Services,314
815,Ford,Legal,739
816,Zacharie,Marketing,293
817,Flor,Training,247
818,Cindi,Support,189
819,Janeva,Business Development,406
820,Lynnea,Engineering,395
821,Jemie,Accounting,215
822,Chip,Sales,297
823,Genevieve,Marketing,896
824,Beverlee,Training,492
825,Fielding,Product Management,551
826,Elsinore,Human Resources,588
827,Rich,Business Development,351
828,Denys,Legal,302
829,Jarret,Support,856
830,Derk,Sales,350
831,Brandice,Research and Development,675
832,Rois,Sales,312
833,Ilsa,Sales,791
834,Denny,Training,536
835,Bernadette,Sales,958
836,Geraldine,Research and Development,497
837,Anabella,Research and Development,355
838,Clarance,Product Management,421
839,Elsey,Marketing,599
840,Gretchen,Accounting,261
841,Udell,Services,414
842,Cordy,Engineering,128
843,Layton,Services,453
844,Arielle,Services,856
845,Elva,Business Development,397
846,Vaughan,Support,900
847,Mireielle,Business Development,737
848,Hirsch,Marketing,994
849,Milka,Support,490
850,Yule,Product Management,484
851,Art,Services,162
852,Obidiah,Product Management,423
853,Evvy,Legal,934
854,Denys,Services,743
855,Grant,Support,316
856,Donny,Training,921
857,Lamond,Services,881
858,Zorah,Marketing,362
859,Manuel,Product Management,594
860,Adore,Sales,440
861,Wanda,Services,535
862,Corenda,Sales,450
863,Wiatt,Legal,636
864,Jordan,Marketing,247
865,Carlita,Product Management,199
866,Matilda,Research and Development,665
867,Katleen,Research and Development,169
868,Omero,Product Management,802
869,Lexi,Legal,228
870,Urbain,Support,131
871,Zedekiah,Business Development,613
872,Jordon,Research and Development,124
873,Janeta,Engineering,254
874,Tailor,Product Management,462
875,Avictor,Training,359
876,Matthieu,Business Development,691
877,Deloria,Human Resources,854
878,Remy,Research and Development,994
879,Patrizia,Accounting,938
880,Buddie,Product Management,544
881,Madelaine,Services,342
882,Vergil,Accounting,588
883,Rick,Sales,230
884,Mitzi,Legal,675
885,Ed,Training,508
886,Blanche,Research and Development,952
887,Misti,Training,779
888,Sarette,Marketing,752
889,Esmeralda,Engineering,589
890,Lyman,Services,613
891,Leigha,Business Development,375
892,Giorgi,Sales,673
893,Chiarra,Product Management,852
894,Durante,Legal,349
895,Renie,Legal,274
896,Iosep,Human Resources,414
897,Ruperto,Legal,709
898,Klement,Business Development,179
899,Leland,Services,782
900,Marcela,Human Resources,820
901,Avis,Services,548
902,Estelle,Human Resources,106
903,Iggie,Business Development,366
904,Bertha,Legal,183
905,Leland,Services,683
906,Eal,Marketing,470
907,Melonie,Services,503
908,Joshua,Services,836
909,Cora,Marketing,790
910,Annabal,Human Resources,215
911,Goran,Marketing,410
912,Cleon,Legal,650
913,Alyce,Sales,414
914,Luke,Sales,186
915,Marijn,Services,705
916,Bryana,Human Resources,461
917,Ramon,Legal,913
918,Enrique,Engineering,624
919,Skelly,Engineering,342
920,Stella,Support,644
921,Felicia,Sales,937
922,Quillan,Sales,922
923,Thorvald,Product Management,835
924,Robinette,Services,846
925,Fae,Legal,930
926,Bran,Training,272
927,Alexia,Support,265
928,Nata,Research and Development,226
929,Consuelo,Product Management,976
930,Pen,Accounting,675
931,Eba,Accounting,411
932,Xenos,Services,573
933,Sibilla,Business Development,488
934,Bowie,Sales,312
935,Latisha,Services,261
936,Silvanus,Training,911
937,Welch,Support,419
938,Branden,Research and Development,273
939,Meridith,Human Resources,815
940,Mercedes,Legal,492
941,Sue,Services,149
942,Alonso,Support,237
943,Aluin,Sales,972
944,Rae,Human Resources,267
945,Worden,Business Development,237
946,Grissel,Human Resources,219
947,Diena,Engineering,205
948,Lindy,Engineering,178
949,Roselle,Legal,998
950,Callean,Services,713
951,Lesly,Sales,904
952,Zacharie,Product Management,356
953,Shanna,Research and Development,321
954,Farand,Sales,734
955,Selma,Research and Development,211
956,Radcliffe,Human Resources,163
957,Shanna,Training,845
958,Gib,Legal,211
959,Nicola,Human Resources,478
960,Carlin,Services,680
961,Burtie,Business Development,651
962,Anjela,Training,368
963,Lotta,Accounting,340
964,Erich,Sales,987
965,Cindie,Sales,836
966,Godiva,Training,616
967,Alvin,Business Development,255
968,Adrian,Engineering,552
969,Amaleta,Engineering,273
970,Maribeth,Sales,792
971,Neda,Services,658
972,Beverlee,Training,727
973,Blinni,Training,174
974,Tracie,Sales,333
975,Jae,Engineering,765
976,Arch,Services,199
977,Reinold,Accounting,202
978,Evvie,Accounting,574
979,Lloyd,Training,289
980,Shanta,Legal,514
981,Doroteya,Marketing,681
982,Arlen,Marketing,388
983,Vaclav,Sales,845
984,Winthrop,Research and Development,318
985,Andris,Product Management,366
986,Gareth,Support,651
987,Felicio,Services,799
988,Karita,Support,713
989,Devonne,Sales,464
990,Vassily,Product Management,307
991,Meggy,Human Resources,874
992,Cos,Business Development,215
993,Shelton,Marketing,630
994,Yardley,Human Resources,326
995,Gabbie,Marketing,712
996,Marga,Marketing,622
997,Israel,Training,727
998,Chad,Sales,146
999,Timmy,Sales,445
1000,Dona,Engineering,704
