id,name,dept_id
1,Rhianna,5
2,Avie,2
3,Keene,1
4,Guthry,1
5,Annamarie,2
6,Lyda,2
7,Alphonse,1
8,Ansel,4
9,Gilbertina,5
10,Ally,2
11,Johann,3
12,Ulric,4
13,Vannie,3
14,Arney,5
15,Von,1
16,Rafaelita,4
17,Alister,1
18,Hobard,1
19,Lavinia,1
20,Anne-corinne,1
21,William,5
22,Davin,4
23,Elliot,3
24,Colene,3
25,Kassandra,3
26,Pierson,4
27,Jedediah,1
28,Rozella,3
29,Clarence,4
30,Tam,4
31,Percy,2
32,Missy,2
33,Hallie,5
34,Baxie,2
35,Goran,2
36,Vina,3
37,Rennie,3
38,Darby,1
39,Darrelle,2
40,Andree,4
41,Fritz,3
42,Cristian,4
43,Stephi,4
44,Marcelline,3
45,Marga,1
46,Bess,5
47,Land,4
48,Tatiania,3
49,Mohammed,4
50,Kelcy,5
51,Brett,1
52,Leonie,3
53,Malena,4
54,Phip,2
55,Rand,4
56,Moll,4
57,Israel,2
58,Thorvald,5
59,Misha,1
60,Frederico,1
61,Roxy,1
62,Felicia,2
63,Osbourn,5
64,Audi,5
65,Pembroke,3
66,Thaddus,4
67,Nonnah,4
68,Quint,1
69,Patty,4
70,Giacopo,2
71,Georges,3
72,Stephani,5
73,Kimbra,3
74,Dinny,2
75,Ninetta,2
76,Tristam,4
77,Basilio,5
78,Christian,2
79,Sasha,3
80,Kevin,1
81,Winny,1
82,Maximilianus,5
83,Roxi,1
84,Jarrad,3
85,Christen,3
86,Haily,5
87,Berk,5
88,Aridatha,3
89,Mellisa,3
90,Francois,2
91,Land,5
92,Lynnett,3
93,Chlo,2
94,Davita,3
95,Scarlet,2
96,Jess,3
97,Leslie,2
98,Tybi,2
99,Justus,4
100,Gilles,5
101,Sol,1
102,Coleman,1
103,Fredra,5
104,Alford,3
105,Lena,2
106,Malcolm,4
107,Barthel,4
108,Marley,4
109,Doroteya,4
110,Tabor,5
111,Wallis,2
112,Tobe,3
113,Margareta,2
114,Locke,4
115,Daren,2
116,Weber,4
117,Gram,3
118,Boonie,1
119,Richardo,4
120,Rhianon,1
121,Aline,5
122,Perry,4
123,Abbott,3
124,Ade,1
125,Anny,5
126,Vi,4
127,Hanson,3
128,Flint,1
129,Melisandra,5
130,Forest,1
131,Frasier,1
132,Jeralee,2
133,Templeton,3
134,Emma,4
135,Nolie,2
136,Melly,5
137,Ode,5
138,Michell,1
139,Alika,1
140,Ode,1
141,Stern,1
142,Mason,1
143,Aluino,2
144,Leanora,2
145,Trixi,2
146,Yankee,3
147,Yolande,4
148,Nanny,5
149,Dorey,5
150,Michele,2
151,Clarinda,2
152,Homer,1
153,Portia,5
154,Leo,4
155,Drusi,2
156,Ulrica,2
157,Anallise,2
158,Eward,1
159,Monty,4
160,Noami,3
161,Roddy,3
162,Ruddie,4
163,Eugine,5
164,Caro,5
165,Dalston,2
166,Lark,2
167,Laraine,2
168,Lester,4
169,Hilda,5
170,Helene,4
171,Berty,1
172,Ly,1
173,Ailyn,5
174,Kassey,1
175,Augustina,1
176,Eugine,4
177,Cordie,4
178,Bevan,3
179,Augy,2
180,Jenilee,3
181,Dorella,5
182,Olia,3
183,Jessamyn,4
184,Bill,3
185,Alphard,5
186,Ave,2
187,Mair,5
188,Gertrude,1
189,Ringo,2
190,Brooke,2
191,Wayne,2
192,Rees,5
193,Allyson,4
194,Ingram,4
195,Harli,3
196,Rebecka,5
197,Jaclyn,3
198,Sawyer,2
199,Atalanta,2
200,Aubrette,1
201,Scotty,4
202,Pyotr,1
203,Ermin,3
204,Lorrin,4
205,Robin,4
206,Graig,1
207,Malynda,5
208,Galvan,5
209,Robyn,4
210,Rakel,1
211,Laetitia,3
212,Susannah,1
213,Maurice,3
214,Ash,5
215,Jerrome,3
216,Kent,4
217,Laurette,1
218,Winnie,5
219,Ethelbert,5
220,Darcey,4
221,Noelyn,4
222,Theodora,3
223,Moselle,4
224,Davy,1
225,Brewster,4
226,Hope,5
227,Diandra,2
228,Anthe,2
229,Alexi,2
230,Jammie,5
231,Errol,1
232,Bjorn,4
233,Marcel,4
234,Orv,3
235,Brigit,1
236,Lulu,3
237,Lee,1
238,Loree,1
239,Jeffry,5
240,Sophi,1
241,Patricia,3
242,Tomasina,4
243,Tatum,4
244,Allx,4
245,Ginger,1
246,Irene,3
247,Dacey,3
248,Erena,1
249,Sibel,1
250,Adore,3
251,Jarrett,4
252,Porty,1
253,Von,2
254,Orrin,4
255,Vera,2
256,Rustie,2
257,Sherman,4
258,Corney,1
259,Averil,2
260,Myra,3
261,Aguie,4
262,Gail,5
263,Alleen,3
264,Myrvyn,2
265,Fancie,2
266,Brian,1
267,Elvin,3
268,Far,1
269,Griz,5
270,Jamaal,2
271,Mickie,2
272,Darnall,2
273,Vivyanne,1
274,Sashenka,1
275,Goober,4
276,Berne,1
277,Debbie,2
278,Tucker,2
279,Dino,5
280,Mari,1
281,Anne,5
282,Kristin,5
283,Demetri,5
284,Linnie,4
285,Gage,3
286,Brynna,1
287,Donal,2
288,Orson,4
289,Rodge,5
290,Guillermo,2
291,Kristin,3
292,Hayes,1
293,Jessie,2
294,Hallie,4
295,Cecile,3
296,Temp,3
297,Harper,1
298,Belvia,1
299,Damon,3
300,Armstrong,3
301,Denney,5
302,Orlan,1
303,Curry,1
304,Tonye,2
305,Blanche,2
306,Pauly,1
307,Lane,5
308,Noelani,3
309,Fayre,2
310,Malynda,2
311,Daryl,5
312,Patrica,2
313,Ainslee,3
314,North,4
315,Ignazio,2
316,Maria,3
317,Clarette,2
318,Calida,2
319,Carlie,3
320,Cami,3
321,Hester,5
322,Natka,2
323,Spike,2
324,Tadd,5
325,Archambault,1
326,Gregor,5
327,Gaby,1
328,Amby,2
329,Camille,4
330,Kare,4
331,Warden,5
332,Alister,3
333,Sophie,1
334,Wheeler,2
335,Ronny,1
336,Vevay,1
337,Fax,2
338,Crin,4
339,Giusto,1
340,Abbe,1
341,Georgena,5
342,Lara,5
343,Jocelyne,4
344,Feliks,2
345,Cecile,4
346,Rosalinde,4
347,Raff,4
348,Peggy,1
349,Ema,1
350,Anson,4
351,Jasper,3
352,Karlene,5
353,Siffre,4
354,Chester,3
355,Junina,3
356,Greggory,5
357,Colas,4
358,Myrna,3
359,Kaela,5
360,Karita,1
361,Any,1
362,Allix,1
363,Lynne,2
364,Zechariah,3
365,Freddie,5
366,Gail,2
367,Linn,1
368,Gisela,1
369,Ulrikaumeko,4
370,Amandi,4
371,Aurea,2
372,Cissiee,2
373,Jaquenetta,4
374,Alvinia,1
375,Mady,3
376,Victoir,4
377,Carlie,1
378,Caddric,4
379,Milka,4
380,Ethan,2
381,Fergus,3
382,Miller,1
383,Christen,2
384,Sully,5
385,Grover,1
386,Lorri,2
387,Appolonia,3
388,Glennie,3
389,Davita,1
390,Tymothy,5
391,Danya,4
392,Benny,2
393,Finlay,3
394,Zoe,4
395,Opal,5
396,Netta,2
397,Paule,5
398,Nance,1
399,Benedicto,3
400,Giulietta,2
401,Rinaldo,2
402,Roscoe,5
403,Wilma,1
404,Edie,3
405,Muriel,1
406,Wilhelm,4
407,Carrie,2
408,Calla,3
409,Tova,2
410,Curcio,3
411,Ebba,5
412,Heda,2
413,Arin,1
414,Joelynn,3
415,Adorne,1
416,Margareta,5
417,Cass,4
418,Lenci,1
419,Gerianne,2
420,Granthem,3
421,Shara,4
422,Ronica,5
423,Yul,2
424,Cathleen,5
425,Babette,4
426,Lydie,1
427,Marcello,2
428,Cart,1
429,Gardy,5
430,Cirillo,4
431,Wyatan,3
432,Gerrard,4
433,Rossie,2
434,Isaiah,4
435,Bonnibelle,3
436,Emmery,1
437,Catharine,3
438,Annamarie,2
439,Claudio,4
440,Glynnis,3
441,Kriste,4
442,Cortney,4
443,Leanna,5
444,Kasey,2
445,Rose,1
446,Hubie,3
447,Evie,1
448,Carroll,1
449,Vanda,2
450,Jillana,5
451,Clarke,1
452,Tracee,3
453,Dori,3
454,Robbie,3
455,Vina,2
456,Irene,3
457,Mendel,4
458,Cornela,5
459,Donna,2
460,Chaddy,2
461,Abbie,2
462,Roma,1
463,Alis,3
464,Kain,4
465,Rivy,2
466,Harwell,2
467,Emilia,4
468,Evangeline,5
469,Frederik,4
470,Sutherlan,1
471,Nickey,1
472,Erwin,4
473,Catherina,5
474,Truda,2
475,Ludovika,2
476,Loretta,4
477,Hasheem,4
478,Sidoney,2
479,Regan,1
480,Billie,3
481,Buiron,4
482,Caldwell,3
483,Frankie,5
484,Vincenz,3
485,Lek,1
486,Faith,2
487,Ann-marie,3
488,Abigale,4
489,Evelyn,2
490,Fred,4
491,Cindra,3
492,Chloette,2
493,Tiphani,4
494,Dalli,2
495,Eydie,3
496,Arron,4
497,Patrizio,2
498,Godfree,4
499,Allayne,3
500,Teodoor,5
501,Adair,5
502,Maridel,2
503,Cosetta,2
504,Nellie,1
505,Jessie,5
506,Eldredge,1
507,Reamonn,1
508,Carline,2
509,Sheelagh,1
510,Burk,3
511,Olia,5
512,Barri,4
513,Sherye,3
514,Tiphanie,1
515,Juliann,3
516,Kiley,5
517,Cleve,5
518,Ashia,1
519,Quintina,2
520,Ginni,5
521,Delores,5
522,Logan,4
523,Holli,3
524,Laina,1
525,Barbara,2
526,Claudette,5
527,Craggie,1
528,Leslie,1
529,Marlo,1
530,Leoline,3
531,Morgan,5
532,Irma,3
533,Kaitlin,5
534,Loy,5
535,Dunn,3
536,Tobias,3
537,Lincoln,2
538,Ronald,3
539,Enrichetta,2
540,Caleb,2
541,Glen,1
542,Annelise,1
543,Witty,2
544,Saul,4
545,Gracie,3
546,Fania,3
547,Marget,3
548,Nigel,5
549,Connor,4
550,Lilith,1
551,Deana,1
552,Romain,5
553,Lida,1
554,Levey,4
555,Annmaria,5
556,Bella,3
557,Imojean,5
558,Ailyn,4
559,Guglielma,3
560,Teena,1
561,Norbert,5
562,Gwenneth,4
563,Cordy,4
564,Ase,4
565,Field,3
566,Jarad,4
567,Gabbie,3
568,Merrill,1
569,Keenan,1
570,Jena,4
571,Therese,4
572,Leopold,4
573,Deidre,4
574,Corrie,2
575,Sallee,4
576,Analiese,2
577,Darbee,4
578,Terra,2
579,Konstantine,1
580,Frederich,4
581,Saul,1
582,Basia,5
583,Sindee,5
584,Willa,2
585,Morna,3
586,Sofie,3
587,Bertina,5
588,Christabella,1
589,Cecile,2
590,Roman,2
591,Kori,1
592,Ambrosi,1
593,Stanley,1
594,Gloriane,1
595,Callean,2
596,Vally,4
597,Ewart,1
598,Eddy,4
599,Adrianne,3
600,Lurette,3
601,Ivan,2
602,Nomi,1
603,Corey,5
604,Any,1
605,Emylee,1
606,Osborne,4
607,Violet,2
608,Lulu,2
609,Sanson,2
610,Willyt,5
611,Quinn,2
612,Betteanne,3
613,Sondra,4
614,Ludvig,4
615,Leland,3
616,Dwayne,4
617,Rhetta,1
618,Trenna,2
619,Nataniel,4
620,Teodora,2
621,Jeanne,3
622,Erena,4
623,Cleo,2
624,Barret,1
625,Beckie,2
626,Celestine,1
627,Ronna,4
628,Dreddy,3
629,Abrahan,3
630,Pieter,1
631,Winne,1
632,Domenic,4
633,Jimmy,5
634,Windham,5
635,Gaspar,4
636,Fawne,2
637,Jock,5
638,Karen,1
639,Emory,3
640,Moyra,5
641,Ravi,1
642,Faulkner,1
643,Hector,3
644,Gillie,5
645,Roanna,1
646,Tracie,5
647,Vin,4
648,Jennette,1
649,Creigh,3
650,Mic,2
651,Alec,4
652,Hinze,1
653,Zechariah,2
654,Gery,3
655,Leilah,3
656,Merci,3
657,Nara,3
658,Allistir,4
659,Brittney,4
660,Theo,5
661,Helga,2
662,Megen,2
663,Arthur,5
664,Collete,1
665,Osbourne,2
666,Rochester,1
667,Jaclin,1
668,Johnnie,1
669,Benyamin,5
670,Gay,2
671,Vaughn,2
672,Osbourne,5
673,Vincenz,2
674,Teddy,2
675,Archambault,3
676,Kendre,2
677,Babb,3
678,Annora,4
679,Patience,2
680,Kerstin,4
681,Brynn,1
682,Nicolis,4
683,Penny,5
684,Corrine,5
685,Carlita,5
686,Trefor,2
687,Sallee,3
688,Ardys,5
689,Jordain,3
690,Irving,4
691,Nerty,3
692,Cam,3
693,Lizbeth,3
694,Flossi,3
695,Cleo,4
696,Leticia,5
697,Leon,5
698,Berry,5
699,Bebe,5
700,Dag,5
701,Adeline,4
702,Stephi,4
703,Delbert,5
704,Pieter,1
705,Lucy,1
706,Jessamyn,2
707,Sunny,2
708,Ignaz,1
709,Vevay,4
710,Agnes,4
711,Haven,2
712,Mickey,1
713,Livvy,1
714,Adey,5
715,Puff,4
716,Donall,3
717,Shanon,4
718,Di,5
719,Mallissa,3
720,Rodrigo,2
721,Lesley,3
722,Gabrila,1
723,Gale,1
724,Ninnette,3
725,Simone,1
726,Marcelia,2
727,Riane,1
728,Dickie,5
729,Lilli,4
730,Ruttger,4
731,Kyle,2
732,Clare,4
733,Sarah,2
734,Carlen,3
735,Birch,3
736,Quincey,1
737,Roanne,1
738,Abraham,3
739,Torrey,5
740,Coriss,1
741,Mitchel,4
742,Jock,2
743,Chev,3
744,Edsel,2
745,Forester,3
746,Clementius,4
747,Gabbie,4
748,Shelley,5
749,Starlin,3
750,Ursa,3
751,Dacia,1
752,Sharleen,3
753,Ardisj,2
754,Frankie,5
755,Sharia,1
756,Darryl,3
757,Tarra,5
758,Nikaniki,3
759,Inge,3
760,Raven,2
761,Claudelle,2
762,Tessa,3
763,Thorny,2
764,Annemarie,1
765,Dolley,5
766,Waldemar,1
767,Kendrick,5
768,Tye,1
769,Myrtia,2
770,Benni,5
771,Tarrah,2
772,Meredithe,1
773,Robers,3
774,Ami,2
775,Craggie,5
776,Alys,1
777,Calypso,1
778,Rowen,4
779,Forester,1
780,Eve,1
781,Anastassia,3
782,Cordell,1
783,Adolphus,3
784,Susann,5
785,Lexy,1
786,Lonnard,5
787,Jeff,1
788,Ginnifer,3
789,Skyler,4
790,Carmelita,2
791,Winona,4
792,Alida,4
793,Clemence,3
794,Rianon,3
795,See,5
796,Katee,5
797,Bibbye,4
798,Krissie,3
799,Arleyne,4
800,Celene,5
801,Lauren,3
802,Zondra,2
803,Osmond,4
804,Bealle,1
805,Jarred,3
806,Ambros,1
807,Delmer,5
808,Dag,3
809,Wilone,5
810,Gardener,4
811,Berky,4
812,Marysa,5
813,Osbourne,2
814,Jolee,3
815,Isidoro,3
816,Lesly,5
817,Niko,2
818,Verine,3
819,Cordi,3
820,Melisent,3
821,Lebbie,4
822,Solly,2
823,Darda,2
824,Leupold,4
825,Mitchell,5
826,Lola,1
827,Donni,4
828,Marguerite,4
829,Ashly,5
830,Rolland,3
831,Hermia,2
832,Wallache,4
833,Melinda,4
834,Ginevra,5
835,Raynor,5
836,Vania,3
837,Elsie,4
838,Coriss,1
839,Netty,4
840,Lauren,4
841,Babbette,2
842,Charmion,4
843,Marthe,4
844,Lottie,4
845,Rochelle,1
846,Cloe,2
847,Annis,2
848,Chrisy,4
849,Kerri,4
850,Thorsten,2
851,Britni,5
852,Marieann,2
853,Vivienne,4
854,Ave,3
855,Tessa,4
856,Davis,2
857,Iolanthe,4
858,Gardiner,3
859,Heda,3
860,Cob,3
861,Land,4
862,Bride,5
863,Elnore,1
864,Martin,3
865,Carree,4
866,Alanna,2
867,Micki,2
868,Jojo,1
869,Eimile,3
870,Steffie,2
871,Jody,2
872,Bevan,1
873,Beverie,4
874,Fanchon,5
875,Cordey,1
876,Shirlee,5
877,Shaine,1
878,Cash,3
879,Cathy,2
880,Cointon,4
881,Had,4
882,Aidan,3
883,Andrey,1
884,Corbie,4
885,Leontyne,5
886,Carole,5
887,Anastassia,2
888,Trefor,1
889,Isiahi,3
890,Lian,4
891,Keelia,1
892,Maryann,3
893,Kearney,5
894,Arvie,4
895,Mitch,5
896,Gaylor,5
897,Pail,3
898,Gwendolen,2
899,Cherey,1
900,Annadiane,4
901,Sapphira,4
902,Brandy,5
903,Rachele,2
904,Gnni,3
905,Willie,1
906,Ira,2
907,Fields,4
908,Pansie,2
909,Tammie,4
910,Rustin,4
911,Adel,1
912,Curr,1
913,Kyrstin,4
914,Rory,4
915,Vernon,4
916,Brina,5
917,Kalle,3
918,Rik,1
919,Abie,4
920,Cary,2
921,Abner,2
922,Emmalynne,5
923,Elke,5
924,Abrahan,2
925,Cherri,1
926,Alvie,1
927,Jamill,5
928,Reginald,4
929,Viv,2
930,Randie,4
931,Arleen,1
932,Dollie,1
933,Perry,2
934,Mair,4
935,Chet,2
936,Garnette,3
937,Helena,1
938,Zeb,2
939,Marje,3
940,Giffy,2
941,Rycca,4
942,Lucy,1
943,Leontyne,1
944,Robyn,3
945,Gallard,1
946,Kit,5
947,Cathlene,1
948,Yvon,1
949,Bryn,1
950,Maggy,2
951,Cynthie,5
952,Tina,1
953,Teodor,4
954,Jens,5
955,Renate,2
956,Gearalt,4
957,Rolfe,2
958,Maisie,2
959,Consuela,3
960,Ervin,1
961,Valentin,2
962,Modestine,5
963,Zorah,5
964,Orel,4
965,Harold,5
966,Lisa,2
967,Byron,5
968,Earle,2
969,Val,3
970,Caren,5
971,Flory,1
972,Iolanthe,5
973,Kristien,4
974,Kristoffer,2
975,Rois,2
976,Esme,4
977,Colin,2
978,Dane,1
979,Sylvia,5
980,Yankee,3
981,Oby,3
982,Bradford,2
983,Harold,1
984,Minny,3
985,Gilbert,4
986,Tarah,1
987,Bartlet,1
988,Lira,5
989,Madeline,3
990,Terri-jo,4
991,Linda,1
992,Dorothy,1
993,Willetta,4
994,Fernanda,2
995,Caryl,3
996,Willyt,4
997,Andreana,3
998,Robb,4
999,Hedwiga,5
1000,Antoinette,2
